{"py/object": "Sto.StoDocument.StoDocument", "_title_page": {"py/object": "Sto.Title.TitlePage", "_paragraphs": [{"py/object": "Sto.Title.ForHelpTitlePageCenter", "_text": "\u0424\u0435\u0434\u0435\u0440\u0430\u043b\u044c\u043d\u043e\u0435 \u0433\u043e\u0441\u0443\u0434\u0430\u0440\u0441\u0442\u0432\u0435\u043d\u043d\u043e\u0435 \u0430\u0432\u0442\u043e\u043d\u043e\u043c\u043d\u043e\u0435", "_type": "TypeForHelpTitlePageCenter"}, {"py/object": "Sto.Title.ForHelpTitlePageCenter", "_text": "\u043e\u0431\u0440\u0430\u0437\u043e\u0432\u0430\u0442\u0435\u043b\u044c\u043d\u043e\u0435 \u0443\u0447\u0440\u0435\u0436\u0434\u0435\u043d\u0438\u0435", "_type": "TypeForHelpTitlePageCenter"}, {"py/object": "Sto.Title.ForHelpTitlePageCenter", "_text": "\u0432\u044b\u0441\u0448\u0435\u0433\u043e \u043e\u0431\u0440\u0430\u0437\u043e\u0432\u0430\u043d\u0438\u044f", "_type": "TypeForHelpTitlePageCenter"}, {"py/object": "Sto.Title.ForHelpTitlePageCenter", "_text": "\u00ab\u0421\u0418\u0411\u0418\u0420\u0421\u041a\u0418\u0419 \u0424\u0415\u0414\u0415\u0420\u0410\u041b\u042c\u041d\u042b\u0419 \u0423\u041d\u0418\u0412\u0415\u0420\u0421\u0418\u0422\u0415\u0422\u00bb", "_type": "TypeForHelpTitlePageCenter"}, {"py/object": "Sto.Title.ForHelpTitlePageCenter", "_text": "", "_type": "TypeForHelpTitlePageCenter"}, {"py/object": "Sto.Title.DepartmentAndSubject", "_text": "\u0418\u043d\u0441\u0442\u0438\u0442\u0443\u0442 \u041a\u043e\u0441\u043c\u0438\u0447\u0435\u0441\u043a\u0438\u0445 \u0438 \u0438\u043d\u0444\u043e\u0440\u043c\u0430\u0446\u0438\u043e\u043d\u043d\u044b\u0445 \u0442\u0435\u0445\u043d\u043e\u043b\u043e\u0433\u0438\u0439", "_type": "DepartmentAndSubject"}, {"py/object": "Sto.Title.Subscript", "_text": "\u0438\u043d\u0441\u0442\u0438\u0442\u0443\u0442", "_type": "Subscript"}, {"py/object": "Sto.Title.DepartmentAndSubject", "_text": "\u041a\u0430\u0444\u0435\u0434\u0440\u0430 \u00ab\u0418\u043d\u0444\u043e\u0440\u043c\u0430\u0442\u0438\u043a\u0430\u00bb", "_type": "DepartmentAndSubject"}, {"py/object": "Sto.Title.Subscript", "_text": "\u043a\u0430\u0444\u0435\u0434\u0440\u0430", "_type": "Subscript"}, {"py/object": "Sto.Title.ForHelpTitlePageCenter", "_text": "", "_type": "TypeForHelpTitlePageCenter"}, {"py/object": "Sto.Title.ForHelpTitlePageCenter", "_text": "", "_type": "TypeForHelpTitlePageCenter"}, {"py/object": "Sto.Title.ForHelpTitlePageCenter", "_text": "", "_type": "TypeForHelpTitlePageCenter"}, {"py/object": "Sto.Title.ForHelpTitlePageCenter", "_text": "", "_type": "TypeForHelpTitlePageCenter"}, {"py/object": "Sto.Title.ForHelpTitlePageCenter", "_text": "", "_type": "TypeForHelpTitlePageCenter"}, {"py/object": "Sto.Title.ForHelpTitlePageCenter", "_text": "", "_type": "TypeForHelpTitlePageCenter"}, {"py/object": "Sto.Title.ForHelpTitlePageCenter", "_text": "", "_type": "TypeForHelpTitlePageCenter"}, {"py/object": "Sto.Title.ForHelpTitlePageCenter", "_text": "", "_type": "TypeForHelpTitlePageCenter"}, {"py/object": "Sto.Title.ForHelpTitlePageCenter", "_text": "", "_type": "TypeForHelpTitlePageCenter"}, {"py/object": "Sto.Title.ForHelpTitlePageCenter", "_text": "", "_type": "TypeForHelpTitlePageCenter"}, {"py/object": "Sto.Title.JobTitle", "_text": "\u041e\u0422\u0427\u0415\u0422 \u041f\u041e \u041f\u0420\u0410\u041a\u0422\u0418\u0427\u0415\u0421\u041a\u041e\u0419 \u0420\u0410\u0411\u041e\u0422\u0415 \u21162", "_type": "JobTitle"}, {"py/object": "Sto.Title.ForHelpTitlePageCenter", "_text": "", "_type": "TypeForHelpTitlePageCenter"}, {"py/object": "Sto.Title.DepartmentAndSubject", "_text": "\u0420\u0435\u0430\u043b\u0438\u0437\u0430\u0446\u0438\u044f \u0441\u0432\u044f\u0437\u0435\u0439 \u0438 \u0433\u0435\u043d\u0435\u0440\u0430\u0446\u0438\u044f \u0434\u0430\u043d\u043d\u044b\u0445", "_type": "DepartmentAndSubject"}, {"py/object": "Sto.Title.Subscript", "_text": "\u0442\u0435\u043c\u0430", "_type": "Subscript"}, {"py/object": "Sto.Title.ForHelpTitlePageCenter", "_text": "", "_type": "TypeForHelpTitlePageCenter"}, {"py/object": "Sto.Title.ForHelpTitlePageCenter", "_text": "", "_type": "TypeForHelpTitlePageCenter"}, {"py/object": "Sto.Title.ForHelpTitlePageCenter", "_text": "", "_type": "TypeForHelpTitlePageCenter"}, {"py/object": "Sto.Title.ForHelpTitlePageCenter", "_text": "", "_type": "TypeForHelpTitlePageCenter"}, {"py/object": "Sto.Title.ForHelpTitlePageCenter", "_text": "", "_type": "TypeForHelpTitlePageCenter"}, {"py/object": "Sto.Title.ForHelpTitlePageCenter", "_text": "", "_type": "TypeForHelpTitlePageCenter"}, {"py/object": "Sto.Title.ForHelpTitlePageCenter", "_text": "", "_type": "TypeForHelpTitlePageCenter"}, {"py/object": "Sto.Title.ForHelpTitlePageCenter", "_text": "", "_type": "TypeForHelpTitlePageCenter"}, {"py/object": "Sto.Title.TeacherAndStudent", "_text": "\u0442\u0430\u0431\u043b\u0438\u0446\u0430", "_type": "TeacherAndStudent", "_table": ["\u041f\u0440\u0435\u043f\u043e\u0434\u0430\u0432\u0430\u0442\u0435\u043b\u044c", " ", "\u0410.\u041a. \u041f\u043e\u0433\u0440\u0435\u0431\u043d\u0438\u043a\u043e\u0432", " ", "\u043f\u043e\u0434\u043f\u0438\u0441\u044c, \u0434\u0430\u0442\u0430", "\u0438\u043d\u0438\u0446\u0438\u0430\u043b\u044b, \u0444\u0430\u043c\u0438\u043b\u0438\u044f", "\u0421\u0442\u0443\u0434\u0435\u043d\u0442 \u041a\u041818-16\u0431  031831229", " ", "\u0412.\u0410. \u041f\u0440\u0435\u043a\u0435\u043b\u044c", "\u043d\u043e\u043c\u0435\u0440 \u0433\u0440\u0443\u043f\u043f\u044b, \u0437\u0430\u0447\u0435\u0442\u043d\u043e\u0439 \u043a\u043d\u0438\u0436\u043a\u0438", "\u043f\u043e\u0434\u043f\u0438\u0441\u044c, \u0434\u0430\u0442\u0430", "\u0438\u043d\u0438\u0446\u0438\u0430\u043b\u044b, \u0444\u0430\u043c\u0438\u043b\u0438\u044f"]}, {"py/object": "Sto.Title.ForHelpTitlePageCenter", "_text": "", "_type": "TypeForHelpTitlePageCenter"}, {"py/object": "Sto.Title.ForHelpTitlePageCenter", "_text": "", "_type": "TypeForHelpTitlePageCenter"}, {"py/object": "Sto.Title.ForHelpTitlePageCenter", "_text": "", "_type": "TypeForHelpTitlePageCenter"}, {"py/object": "Sto.Title.ForHelpTitlePageCenter", "_text": "", "_type": "TypeForHelpTitlePageCenter"}, {"py/object": "Sto.Title.ForHelpTitlePageCenter", "_text": "", "_type": "TypeForHelpTitlePageCenter"}, {"py/object": "Sto.Title.ForHelpTitlePageCenter", "_text": "", "_type": "TypeForHelpTitlePageCenter"}, {"py/object": "Sto.Title.ForHelpTitlePageCenter", "_text": "", "_type": "TypeForHelpTitlePageCenter"}, {"py/object": "Sto.Title.ForHelpTitlePageCenter", "_text": "", "_type": "TypeForHelpTitlePageCenter"}, {"py/object": "Sto.Title.ForHelpTitlePageCenter", "_text": "", "_type": "TypeForHelpTitlePageCenter"}, {"py/object": "Sto.Title.ForHelpTitlePageCenter", "_text": "", "_type": "TypeForHelpTitlePageCenter"}, {"py/object": "Sto.Title.ForHelpTitlePageCenter", "_text": "\u041a\u0440\u0430\u0441\u043d\u043e\u044f\u0440\u0441\u043a 2020", "_type": "TypeForHelpTitlePageCenter"}]}, "_headings": [{"py/object": "Sto.Heading.Heading", "_text": "\u0426\u0435\u043b\u044c \u0440\u0430\u0431\u043e\u0442\u044b", "_type": "Heading", "_paragraphs": [{"py/object": "Sto.Paragraph.Paragraph", "_text": "\u0420\u0435\u0430\u043b\u0438\u0437\u043e\u0432\u0430\u0442\u044c \u0441\u0432\u044f\u0437\u0438 \u0438 \u0441\u0433\u0435\u043d\u0435\u0440\u0438\u0440\u043e\u0432\u0430\u0442\u044c \u0434\u0430\u043d\u043d\u044b\u0435.", "_type": "Paragraph"}], "_level": 1}, {"py/object": "Sto.Heading.Heading", "_text": "\u041e\u0431\u0449\u0430\u044f \u043f\u043e\u0441\u0442\u0430\u043d\u043e\u0432\u043a\u0430 \u0437\u0430\u0434\u0430\u0447\u0438", "_type": "Heading", "_paragraphs": [{"py/object": "Sto.Paragraph.Paragraph", "_text": "\u0412 \u0440\u0430\u043c\u043a\u0430\u0445 \u0434\u0430\u043d\u043d\u043e\u0439 \u043f\u0440\u0430\u043a\u0442\u0438\u0447\u0435\u0441\u043a\u043e\u0439 \u0440\u0430\u0431\u043e\u0442\u044b \u043d\u0435\u043e\u0431\u0445\u043e\u0434\u0438\u043c\u043e \u0440\u0435\u0430\u043b\u0438\u0437\u043e\u0432\u0430\u0442\u044c \u0441\u0432\u044f\u0437\u0438 \u043c\u0435\u0436\u0434\u0443 \u0442\u0430\u0431\u043b\u0438\u0446\u0430\u043c\u0438 \u0432", "_type": "Paragraph"}, {"py/object": "Sto.Paragraph.Paragraph", "_text": "\u0441\u043e\u043e\u0442\u0432\u0435\u0442\u0441\u0442\u0432\u0438\u0438 \u0441 \u0440\u0430\u0437\u0440\u0430\u0431\u043e\u0442\u0430\u043d\u043d\u043e\u0439 \u043c\u043e\u0434\u0435\u043b\u044c\u044e \u0434\u0430\u043d\u043d\u044b\u0445, \u0430 \u0442\u0430\u043a\u0436\u0435 \u0441\u0433\u0435\u043d\u0435\u0440\u0438\u0440\u043e\u0432\u0430\u0442\u044c \u0440\u0435\u043b\u0435\u0432\u0430\u043d\u0442\u043d\u044b\u0439 \u043d\u0430\u0431\u043e\u0440", "_type": "Paragraph"}, {"py/object": "Sto.Paragraph.Paragraph", "_text": "\u0442\u0435\u0441\u0442\u043e\u0432\u044b\u0445 \u0434\u0430\u043d\u043d\u044b\u0445 \u0434\u043b\u044f \u0434\u0430\u043b\u044c\u043d\u0435\u0439\u0448\u0438\u0445 \u043c\u0430\u043d\u0438\u043f\u0443\u043b\u044f\u0446\u0438\u0439.", "_type": "Paragraph"}, {"py/object": "Sto.Paragraph.Paragraph", "_text": "0. \u041f\u0440\u043e\u0430\u043d\u0430\u043b\u0438\u0437\u0438\u0440\u0443\u0439\u0442\u0435 \u0441\u0445\u0435\u043c\u0443 \u0434\u0430\u043d\u043d\u044b\u0445 \u0438 \u0443\u0441\u0442\u0430\u043d\u043e\u0432\u0438\u0442\u0435, \u043a\u0430\u043a\u043e\u0439 \u0432\u0438\u0434 \u0441\u0432\u044f\u0437\u0438 \u043f\u043e\u0434\u0445\u043e\u0434\u0438\u0442 \u0432 \u043a\u0430\u0436\u0434\u043e\u043c", "_type": "Paragraph"}, {"py/object": "Sto.Paragraph.Paragraph", "_text": "\u043a\u043e\u043d\u043a\u0440\u0435\u0442\u043d\u043e\u043c \u0441\u043b\u0443\u0447\u0430\u0435. \u0422\u0430\u043a \u043a \u043f\u0440\u0438\u043c\u0435\u0440\u0443 \u0434\u043b\u044f \u0441\u0432\u044f\u0437\u0438 \u0441 \u0442\u0430\u0431\u043b\u0438\u0446\u0430\u043c\u0438 \u0441\u043f\u0440\u0430\u0432\u043e\u0447\u043d\u0438\u043a\u0430\u043c\u0438 \u0431\u043e\u043b\u044c\u0448\u0435 \u043f\u043e\u0434\u0445\u043e\u0434\u044f\u0442", "_type": "Paragraph"}, {"py/object": "Sto.Paragraph.Paragraph", "_text": "\u043e\u0434\u043d\u043e\u0441\u0442\u043e\u0440\u043e\u043d\u043d\u0438\u0435 \u043e\u0431\u044a\u0435\u043a\u0442\u043d\u044b\u0435 \u0441\u0441\u044b\u043b\u043a\u0438, \u0432 \u0442\u043e \u0432\u0440\u0435\u043c\u044f \u043a\u0430\u043a \u0432 \u0441\u043b\u0443\u0447\u0430\u0435, \u043a\u043e\u0433\u0434\u0430 \u043e\u0434\u0438\u043d \u0438\u0437 \u043e\u0431\u044a\u0435\u043a\u0442\u043e\u0432", "_type": "Paragraph"}, {"py/object": "Sto.Paragraph.Paragraph", "_text": "\u044f\u0432\u043b\u044f\u0435\u0442\u0441\u044f \u00ab\u043a\u043e\u043d\u0442\u0435\u0439\u043d\u0435\u0440\u043e\u043c\u00bb \u0431\u043e\u043b\u044c\u0448\u0435 \u043f\u043e\u0434\u043e\u0439\u0434\u0443\u0442 \u043e\u0442\u043d\u043e\u0448\u0435\u043d\u0438\u044f 1-n (\u043f\u043e\u0434\u0440\u043e\u0431\u043d\u0435\u0435 \u043f\u0440\u043e Relationship \u0441\u043c.", "_type": "Paragraph"}, {"py/object": "Sto.Paragraph.Paragraph", "_text": "\u043f\u0440\u0435\u0437\u0435\u043d\u0442\u0430\u0446\u0438\u044e).", "_type": "Paragraph"}, {"py/object": "Sto.Paragraph.Paragraph", "_text": "1. \u0420\u0435\u0430\u043b\u0438\u0437\u0443\u0439\u0442\u0435 \u043e\u0441\u0442\u0430\u0432\u0448\u0438\u0435\u0441\u044f \u0441\u0432\u044f\u0437\u0438.", "_type": "Paragraph"}, {"py/object": "Sto.Paragraph.Paragraph", "_text": "2. \u041f\u0440\u043e\u0432\u0435\u0440\u044c\u0442\u0435 \u043a\u043e\u0440\u0440\u0435\u043a\u0442\u043d\u043e\u0441\u0442\u044c \u0441\u0432\u044f\u0437\u044b\u0432\u0430\u043d\u0438\u044f \u0438\u0441\u043f\u043e\u043b\u044c\u0437\u0443\u044f SQL SELECT JOIN \u0437\u0430\u043f\u0440\u043e\u0441\u044b.", "_type": "Paragraph"}, {"py/object": "Sto.Paragraph.Paragraph", "_text": "3. \u0417\u0430\u043f\u043e\u043b\u043d\u0438\u0442\u0435 \u0442\u0430\u0431\u043b\u0438\u0446\u044b \u0441\u043f\u0440\u0430\u0432\u043e\u0447\u043d\u0438\u043a\u0438.", "_type": "Paragraph"}, {"py/object": "Sto.Paragraph.Paragraph", "_text": "4. \u0414\u043e\u0431\u0430\u0432\u044c\u0442\u0435 \u043a \u0431\u0430\u0437\u043e\u0432\u044b\u043c \u0442\u0430\u0431\u043b\u0438\u0446\u0430\u043c \u043d\u0430\u0441\u043b\u0435\u0434\u043e\u0432\u0430\u043d\u0438\u0435 \u043e\u0442 \u043a\u043b\u0430\u0441\u0441\u0430 %Populate.", "_type": "Paragraph"}, {"py/object": "Sto.Paragraph.Paragraph", "_text": "5. \u041d\u0430\u0441\u0442\u0440\u043e\u0439\u0442\u0435 \u043f\u0430\u0440\u0430\u043c\u0435\u0442\u0440\u044b POPSPEC \u0443 \u043f\u043e\u043b\u0435\u0439 \u0431\u0430\u0437\u043e\u0432\u044b\u0445 \u0442\u0430\u0431\u043b\u0438\u0446, \u0442\u0430\u043a\u0438\u043c \u043e\u0431\u0440\u0430\u0437\u043e\u043c, \u0447\u0442\u043e\u0431\u044b", "_type": "Paragraph"}, {"py/object": "Sto.Paragraph.Paragraph", "_text": "\u0441\u0433\u0435\u043d\u0435\u0440\u0438\u0440\u043e\u0432\u0430\u043d\u043d\u044b\u0435 \u0434\u0430\u043d\u043d\u044b\u0435 \u0432\u044b\u0433\u043b\u044f\u0434\u0435\u043b\u0438 \u0440\u0435\u0430\u043b\u0438\u0441\u0442\u0438\u0447\u043d\u043e (\u0434\u043b\u044f \u0432\u044b\u0431\u0440\u0430\u043d\u043d\u043e\u0439 \u043f\u0440\u0435\u0434\u043c\u0435\u0442\u043d\u043e\u0439 \u043e\u0431\u043b\u0430\u0441\u0442\u0438).", "_type": "Paragraph"}, {"py/object": "Sto.Paragraph.Paragraph", "_text": "\u041f\u043e\u0434\u0440\u043e\u0431\u043d\u0435\u0435 \u043e \u043d\u0430\u0441\u0442\u0440\u043e\u0439\u043a\u0430\u0445 Populate \u043c\u043e\u0436\u043d\u043e \u043f\u043e\u0447\u0438\u0442\u0430\u0442\u044c \u0432 \u0434\u043e\u043a\u0443\u043c\u0435\u043d\u0442\u0430\u0446\u0438\u0438 (%Populate[EN] \u0438\u043b\u0438 \u0436\u0435", "_type": "Paragraph"}, {"py/object": "Sto.Paragraph.Paragraph", "_text": "\u0441 23 \u0441\u0442\u0440\u0430\u043d\u0438\u0446\u044b \u043f\u0440\u0435\u0437\u0435\u043d\u0442\u0430\u0446\u0438\u0438).", "_type": "Paragraph"}, {"py/object": "Sto.Paragraph.Paragraph", "_text": "6. \u0421\u0433\u0435\u043d\u0435\u0440\u0438\u0440\u0443\u0439\u0442\u0435 \u043d\u0435 \u043c\u0435\u043d\u0435\u0435 200 \u0441\u0442\u0440\u043e\u043a \u0434\u0430\u043d\u043d\u044b\u0445 \u0434\u043b\u044f \u0431\u0430\u0437\u043e\u0432\u044b\u0445 \u0442\u0430\u0431\u043b\u0438\u0446.", "_type": "Paragraph"}, {"py/object": "Sto.Paragraph.Paragraph", "_text": "7. \u041f\u0440\u0438\u0434\u0443\u043c\u0430\u0439\u0442\u0435 \u0438 \u0441\u043e\u0441\u0442\u0430\u0432\u044c\u0442\u0435 SQL \u0437\u0430\u043f\u0440\u043e\u0441, \u0432\u043a\u043b\u044e\u0447\u0430\u044e\u0449\u0438\u0439 \u043d\u0435 \u043c\u0435\u043d\u0435\u0435 4\u0445 \u0442\u0430\u0431\u043b\u0438\u0446 \u0438 \u0440\u0435\u0437\u0443\u043b\u044c\u0442\u0430\u0442 \u043a\u043e\u0442\u043e\u0440\u043e\u0433\u043e", "_type": "Paragraph"}, {"py/object": "Sto.Paragraph.Paragraph", "_text": "\u043c\u043e\u0436\u0435\u0442 \u0431\u044b\u0442\u044c \u043f\u043e\u043b\u0435\u0437\u0435\u043d \u0434\u043b\u044f \u0434\u0430\u043b\u044c\u043d\u0435\u0439\u0448\u0438\u0445 \u043f\u0440\u0430\u043a\u0442\u0438\u0447\u0435\u0441\u043a\u0438\u0445 \u0437\u0430\u0434\u0430\u043d\u0438\u0439", "_type": "Paragraph"}], "_level": 1}, {"py/object": "Sto.Heading.Heading", "_text": "\u0418\u0441\u0445\u043e\u0434\u043d\u044b\u0439 \u043a\u043e\u0434", "_type": "Heading", "_paragraphs": [{"py/object": "Sto.Paragraph.Paragraph", "_text": "", "_type": "Paragraph"}, {"py/object": "Sto.Listing.ListingDescription", "_text": "MyStore\\MyStore.Data\\Context.cs", "_type": "ListingDescription"}, {"py/object": "Sto.Listing.Listing", "_text": "using System;\n\nusing Microsoft.EntityFrameworkCore;\n\nusing MyStore.Data.Entity;\nusing MyStore.Data.Entity.Support;\n\nnamespace MyStore.Data\n{\n    public class Context : DbContext\n    {\n        public Context()\n        {\n        }\n\n        public Context(DbContextOptions<Context> options)\n            : base(options)\n        {\n        }\n\n        public DbSet<Cart> Carts { get; set; }\n        public DbSet<CartProduct> CartProducts { get; set; }\n        public DbSet<Customer> Customers { get; set; }\n        public DbSet<Order> Orders { get; set; }\n        public DbSet<Product> Products { get; set; }\n        public DbSet<OrderedProduct> OrderedProducts { get; set; }\n        public DbSet<Answer> SupportAnswers { get; set; }\n        public DbSet<Operator> SupportOperators { get; set; }\n        public DbSet<Question> SupportQuestions { get; set; }\n        public DbSet<Ticket> SupportTickets { get; set; }\n\n        protected override void OnConfiguring(DbContextOptionsBuilder optionsBuilder)\n        {\n            optionsBuilder\n                .LogTo(Console.WriteLine)\n                .UseNpgsql(\"Host=localhost;Database=postgres;Username=postgres;Password=qwerty123\");\n        }\n\n        protected override void OnModelCreating(ModelBuilder modelBuilder)\n        {\n            modelBuilder.Entity<Customer>(\n                e =>\n                {\n                    e.HasKey(entity => entity.CustomerId);\n                    e.Property(entity => entity.FirstName)\n                        .HasMaxLength(60)\n                        .IsRequired();\n                    e.Property(entity => entity.LastName)\n                        .HasMaxLength(60);\n                    e.Property(entity => entity.Honorific)\n                        .HasMaxLength(30)\n                        .HasDefaultValue(\"\u0420\u0408\u0420\u0406.\");\n                    e.Property(entity => entity.Email)\n                        .HasMaxLength(60)\n                        .IsRequired();\n                    e.Property(entity => entity.PasswordHash)\n                        .HasMaxLength(32)\n                        .IsRequired();\n                    e.Property(entity => entity.PasswordSalt)\n                        .IsRequired();\n                    e.HasOne(entity => entity.CurrentCart)\n                        .WithMany(cart => cart.CurrentCustomers)\n                        .HasForeignKey(customer => customer.CurrentCartId)\n                        .IsRequired(false);\n                });\n\n            modelBuilder.Entity<Product>(\n                e =>\n                {\n                    e.HasKey(cart => cart.ProductId);\n                    e.Property(cart => cart.Name)\n                        .HasMaxLength(100)\n                        .IsRequired();\n                    e.Property(cart => cart.Description)\n                        .IsRequired();\n                    e.Property(cart => cart.Price)\n                        .HasColumnType(\"numeric(20, 2)\")\n                        .IsRequired();\n                });\n\n            modelBuilder.Entity<Cart>(\n                e =>\n                {\n                    e.HasKey(cart => cart.CartId);\n                    e.HasMany(cart => cart.Products)\n                        .WithMany(product => product.Carts)\n                        .UsingEntity<CartProduct>(\n                            j => j\n                                .HasOne(cp => cp.Product)\n                                .WithMany(p => p.CartProducts)\n                                .HasForeignKey(cp => cp.ProductId),\n                            j => j\n                                .HasOne(cp => cp.Cart)\n                                .WithMany(c => c.CartProducts)\n                                .HasForeignKey(cp => cp.CartId),\n                            j => { j.HasKey(cp => new {cp.CartId, cp.ProductId}); });\n                    e.HasOne(cart => cart.OwnerCustomer)\n                        .WithMany(customer => customer.OwnedCarts)\n                        .HasForeignKey(cart => cart.OwnerCustomerId);\n                });\n\n            modelBuilder.Entity<Order>(\n                e =>\n                {\n                    e.HasKey(order => order.OrderId);\n                    e.HasOne(order => order.Customer)\n                        .WithMany(customer => customer.Orders)\n                        .HasForeignKey(order => order.CustomerId);\n                    e.Property(order => order.CreateTimeOffset)\n                        .HasDefaultValueSql(\"current_timestamp\")\n                        .IsRequired();\n                });\n\n            modelBuilder.Entity<OrderedProduct>(\n                e =>\n                {\n                    e.HasKey(op => new {op.ProductId, op.OrderId});\n                    e.HasOne(op => op.Product)\n                        .WithMany(p => p.OrderedProducts)\n                        .HasForeignKey(op => op.ProductId);\n                    e.Property(op => op.OrderedPrice)\n                        .HasColumnType(\"numeric(20, 2)\")\n                        .IsRequired();\n                    e.HasOne(op => op.Order)\n                        .WithMany(o => o.OrderedProducts)\n                        .HasForeignKey(op => op.OrderId);\n                });\n\n            modelBuilder.Entity<Answer>(\n                b =>\n                {\n                    b.HasKey(answer => answer.SupportAnswerId);\n                    b.HasOne(answer => answer.SupportOperator)\n                        .WithMany(op => op.SupportAnswers)\n                        .HasForeignKey(answer => answer.SupportOperatorId);\n                    b.HasOne(answer => answer.SupportTicket)\n                        .WithMany(ticket => ticket.SupportAnswers)\n                        .HasForeignKey(answer => answer.SupportTicketId);\n                    b.Property(answer => answer.SendTimestamp)\n                        .HasDefaultValueSql(\"current_timestamp\")\n                        .IsRequired();\n                    b.Property(answer => answer.Text)\n                        .IsRequired();\n                });\n\n            modelBuilder.Entity<Ticket>(\n                b =>\n                {\n                    b.HasKey(ticket => ticket.SupportTicketId);\n                    b.HasOne(ticket => ticket.SupportOperator)\n                        .WithMany(op => op.SupportTickets)\n                        .HasForeignKey(ticket => ticket.SupportOperatorId);\n                    b.HasOne(ticket => ticket.Customer)\n                        .WithMany(customer => customer.SupportTickets)\n                        .HasForeignKey(ticket => ticket.CustomerId);\n                    b.Property(ticket => ticket.CreateTimestamp)\n                        .HasDefaultValueSql(\"current_timestamp\")\n                        .IsRequired();\n                    b.HasOne(ticket => ticket.Order)\n                        .WithOne(order => order.SupportTicket)\n                        .HasForeignKey<Ticket>(ticket => ticket.OrderId)\n                        .IsRequired(false);\n                });\n\n            modelBuilder.Entity<Operator>(\n                b =>\n                {\n                    b.HasKey(op => op.SupportOperatorId);\n                    b.Property(op => op.FirstName)\n                        .HasMaxLength(60)\n                        .IsRequired();\n                    b.Property(op => op.LastName)\n                        .HasMaxLength(60)\n                        .IsRequired();\n                    b.Property(op => op.Email)\n                        .HasMaxLength(60)\n                        .IsRequired();\n                    b.Property(op => op.PasswordHash)\n                        .IsRequired();\n                    b.Property(op => op.PasswordSalt)\n                        .IsRequired();\n                });\n\n            modelBuilder.Entity<Question>(b =>\n            {\n                b.HasKey(question => question.SupportQuestionId);\n                b.HasOne(question => question.SupportTicket)\n                    .WithMany(ticket => ticket.SupportQuestions)\n                    .HasForeignKey(question => question.SupportTicketId);\n                b.Property(question => question.SendTimestamp)\n                    .HasDefaultValueSql(\"current_timestamp\")\n                    .IsRequired();\n                b.Property(question => question.ReadTimestamp);\n                b.Property(question => question.Text)\n                    .IsRequired();\n            });\n        }\n    }\n}\n", "_type": "Listing"}, {"py/object": "Sto.Paragraph.Paragraph", "_text": "", "_type": "Paragraph"}, {"py/object": "Sto.Paragraph.Paragraph", "_text": "", "_type": "Paragraph"}, {"py/object": "Sto.Listing.ListingDescription", "_text": "MyStore\\MyStore.Data\\Crypto.cs", "_type": "ListingDescription"}, {"py/object": "Sto.Listing.Listing", "_text": "using System;\nusing System.Linq;\nusing System.Security.Cryptography;\nusing System.Text;\n\nnamespace MyStore.Data\n{\n    public static class Crypto\n    {\n        public static int GenerateSaltForPassword()\n        {\n            var rng = new RNGCryptoServiceProvider();\n            var saltBytes = new byte[4];\n            rng.GetNonZeroBytes(saltBytes);\n            return (saltBytes[0] << 24) + (saltBytes[1] << 16) + (saltBytes[2] << 8) + saltBytes[3];\n        }\n\n        public static byte[] ComputePasswordHash(string password, int salt)\n        {\n            var saltBytes = new byte[4];\n            saltBytes[0] = (byte) (salt >> 24);\n            saltBytes[1] = (byte) (salt >> 16);\n            saltBytes[2] = (byte) (salt >> 8);\n            saltBytes[3] = (byte) salt;\n\n            var passwordBytes = Encoding.UTF8.GetBytes(password);\n\n            var preHashed = new byte[saltBytes.Length + passwordBytes.Length];\n            Buffer.BlockCopy(passwordBytes, 0, preHashed, 0, passwordBytes.Length);\n            Buffer.BlockCopy(saltBytes, 0, preHashed, passwordBytes.Length, saltBytes.Length);\n\n            var sha1 = SHA256.Create();\n            return sha1.ComputeHash(preHashed);\n        }\n\n        public static bool IsPasswordValid(string passwordToValidate, int salt, byte[] correctPasswordHash)\n        {\n            var hashedPassword = ComputePasswordHash(passwordToValidate, salt);\n\n            return hashedPassword.SequenceEqual(correctPasswordHash);\n        }\n    }\n}\n", "_type": "Listing"}, {"py/object": "Sto.Paragraph.Paragraph", "_text": "", "_type": "Paragraph"}, {"py/object": "Sto.Paragraph.Paragraph", "_text": "", "_type": "Paragraph"}, {"py/object": "Sto.Listing.ListingDescription", "_text": "MyStore\\MyStore.Data\\Entity\\Cart.cs", "_type": "ListingDescription"}, {"py/object": "Sto.Listing.Listing", "_text": "using System.Collections.Generic;\n\nnamespace MyStore.Data.Entity\n{\n    public record Cart\n    {\n        public int CartId { get; set; }\n\n        public bool IsPublic { get; set; }\n        public int? OwnerCustomerId { get; set; }\n        public Customer? OwnerCustomer { get; set; }\n\n        public ICollection<Product> Products { get; set; }\n\n        public ICollection<Customer> CurrentCustomers { get; set; }\n\n        public List<CartProduct> CartProducts { get; set; }\n    }\n}\n", "_type": "Listing"}, {"py/object": "Sto.Paragraph.Paragraph", "_text": "", "_type": "Paragraph"}, {"py/object": "Sto.Paragraph.Paragraph", "_text": "", "_type": "Paragraph"}, {"py/object": "Sto.Listing.ListingDescription", "_text": "MyStore\\MyStore.Data\\Entity\\CartProduct.cs", "_type": "ListingDescription"}, {"py/object": "Sto.Listing.Listing", "_text": "namespace MyStore.Data.Entity\n{\n    public record CartProduct\n    {\n        public int CartId { get; set; }\n        public Cart Cart { get; set; }\n\n        public int ProductId { get; set; }\n        public Product Product { get; set; }\n    }\n}\n", "_type": "Listing"}, {"py/object": "Sto.Paragraph.Paragraph", "_text": "", "_type": "Paragraph"}, {"py/object": "Sto.Paragraph.Paragraph", "_text": "", "_type": "Paragraph"}, {"py/object": "Sto.Listing.ListingDescription", "_text": "MyStore\\MyStore.Data\\Entity\\Customer.cs", "_type": "ListingDescription"}, {"py/object": "Sto.Listing.Listing", "_text": "using System.Collections.Generic;\nusing System.ComponentModel.DataAnnotations;\n\nusing MyStore.Data.Entity.Support;\n\nnamespace MyStore.Data.Entity\n{\n    public record Customer\n    {\n        public int CustomerId { get; set; }\n        public string FirstName { get; set; }\n        public string? LastName { get; set; }\n        public string? Honorific { get; set; }\n\n        [EmailAddress]\n        public string Email { get; set; }\n\n        public byte[] PasswordHash { get; set; }\n        public int PasswordSalt { get; set; }\n\n        public int? CurrentCartId { get; set; }\n        public Cart? CurrentCart { get; set; }\n\n        public ICollection<Order> Orders { get; set; }\n\n        public ICollection<Cart> OwnedCarts { get; set; }\n\n        public ICollection<Ticket> SupportTickets { get; set; }\n    }\n}\n", "_type": "Listing"}, {"py/object": "Sto.Paragraph.Paragraph", "_text": "", "_type": "Paragraph"}, {"py/object": "Sto.Paragraph.Paragraph", "_text": "", "_type": "Paragraph"}, {"py/object": "Sto.Listing.ListingDescription", "_text": "MyStore\\MyStore.Data\\Entity\\Order.cs", "_type": "ListingDescription"}, {"py/object": "Sto.Listing.Listing", "_text": "using System;\nusing System.Collections.Generic;\n\nusing MyStore.Data.Entity.Support;\n\nnamespace MyStore.Data.Entity\n{\n    public record Order\n    {\n        public int OrderId { get; set; }\n\n        public int CustomerId { get; set; }\n        public Customer Customer { get; set; }\n\n        public DateTimeOffset CreateTimeOffset { get; set; }\n\n        public ICollection<OrderedProduct> OrderedProducts { get; set; }\n        \n        public Ticket? SupportTicket { get; set; }\n    }\n}\n", "_type": "Listing"}, {"py/object": "Sto.Paragraph.Paragraph", "_text": "", "_type": "Paragraph"}, {"py/object": "Sto.Paragraph.Paragraph", "_text": "", "_type": "Paragraph"}, {"py/object": "Sto.Listing.ListingDescription", "_text": "MyStore\\MyStore.Data\\Entity\\OrderedProduct.cs", "_type": "ListingDescription"}, {"py/object": "Sto.Listing.Listing", "_text": "namespace MyStore.Data.Entity\n{\n    public record OrderedProduct\n    {\n        public int ProductId { get; set; }\n        public Product Product { get; set; }\n\n        public int OrderId { get; set; }\n        public Order Order { get; set; }\n\n        public decimal OrderedPrice { get; set; }\n    }\n}\n", "_type": "Listing"}, {"py/object": "Sto.Paragraph.Paragraph", "_text": "", "_type": "Paragraph"}, {"py/object": "Sto.Paragraph.Paragraph", "_text": "", "_type": "Paragraph"}, {"py/object": "Sto.Listing.ListingDescription", "_text": "MyStore\\MyStore.Data\\Entity\\Product.cs", "_type": "ListingDescription"}, {"py/object": "Sto.Listing.Listing", "_text": "using System.Collections.Generic;\n\nnamespace MyStore.Data.Entity\n{\n    public record Product\n    {\n        public int ProductId { get; set; }\n\n        public string Name { get; set; }\n\n        public string Description { get; set; }\n\n        public decimal Price { get; set; }\n\n        public ICollection<Cart> Carts { get; set; }\n\n        public ICollection<OrderedProduct> OrderedProducts { get; set; }\n        public List<CartProduct> CartProducts { get; set; }\n    }\n}\n", "_type": "Listing"}, {"py/object": "Sto.Paragraph.Paragraph", "_text": "", "_type": "Paragraph"}, {"py/object": "Sto.Paragraph.Paragraph", "_text": "", "_type": "Paragraph"}, {"py/object": "Sto.Listing.ListingDescription", "_text": "MyStore\\MyStore.Data\\Entity\\Support\\Answer.cs", "_type": "ListingDescription"}, {"py/object": "Sto.Listing.Listing", "_text": "using System;\n\nnamespace MyStore.Data.Entity.Support\n{\n    public record Answer\n    {\n        public int SupportAnswerId { get; set; }\n        public int SupportTicketId { get; set; }\n        public Ticket SupportTicket { get; set; }\n        public int SupportOperatorId { get; set; }\n        public Operator SupportOperator { get; set; }\n        public DateTimeOffset SendTimestamp { get; set; }\n        public string Text { get; set; }\n    }\n}\n", "_type": "Listing"}, {"py/object": "Sto.Paragraph.Paragraph", "_text": "", "_type": "Paragraph"}, {"py/object": "Sto.Paragraph.Paragraph", "_text": "", "_type": "Paragraph"}, {"py/object": "Sto.Listing.ListingDescription", "_text": "MyStore\\MyStore.Data\\Entity\\Support\\Operator.cs", "_type": "ListingDescription"}, {"py/object": "Sto.Listing.Listing", "_text": "using System.Collections.Generic;\n\nnamespace MyStore.Data.Entity.Support\n{\n    public record Operator\n    {\n        public int SupportOperatorId { get; set; }\n        public string FirstName { get; set; }\n        public string LastName { get; set; }\n        public string Email { get; set; }\n        public byte[] PasswordHash { get; set; }\n        public int PasswordSalt { get; set; }\n\n        public ICollection<Answer> SupportAnswers { get; set; }\n        public ICollection<Ticket> SupportTickets { get; set; }\n    }\n}\n", "_type": "Listing"}, {"py/object": "Sto.Paragraph.Paragraph", "_text": "", "_type": "Paragraph"}, {"py/object": "Sto.Paragraph.Paragraph", "_text": "", "_type": "Paragraph"}, {"py/object": "Sto.Listing.ListingDescription", "_text": "MyStore\\MyStore.Data\\Entity\\Support\\Question.cs", "_type": "ListingDescription"}, {"py/object": "Sto.Listing.Listing", "_text": "using System;\n\nnamespace MyStore.Data.Entity.Support\n{\n    public record Question\n    {\n        public int SupportQuestionId { get; set; }\n        public int SupportTicketId { get; set; }\n        public Ticket SupportTicket { get; set; }\n        public DateTimeOffset SendTimestamp { get; set; }\n        public DateTimeOffset? ReadTimestamp { get; set; }\n        public string Text { get; set; }\n    }\n}\n", "_type": "Listing"}, {"py/object": "Sto.Paragraph.Paragraph", "_text": "", "_type": "Paragraph"}, {"py/object": "Sto.Paragraph.Paragraph", "_text": "", "_type": "Paragraph"}, {"py/object": "Sto.Listing.ListingDescription", "_text": "MyStore\\MyStore.Data\\Entity\\Support\\Ticket.cs", "_type": "ListingDescription"}, {"py/object": "Sto.Listing.Listing", "_text": "using System;\nusing System.Collections.Generic;\n\nnamespace MyStore.Data.Entity.Support\n{\n    public record Ticket\n    {\n        public int SupportTicketId { get; set; }\n        public int CustomerId { get; set; }\n        public Customer Customer { get; set; }\n        public int SupportOperatorId { get; set; }\n        public Operator SupportOperator { get; set; }\n        \n        public int? OrderId { get; set; }\n        \n        public Order? Order { get; set; }\n        \n        public DateTimeOffset CreateTimestamp { get; set; }\n\n        public ICollection<Answer> SupportAnswers { get; set; }\n        public ICollection<Question> SupportQuestions { get; set; }\n    }\n}\n", "_type": "Listing"}, {"py/object": "Sto.Paragraph.Paragraph", "_text": "", "_type": "Paragraph"}, {"py/object": "Sto.Paragraph.Paragraph", "_text": "", "_type": "Paragraph"}, {"py/object": "Sto.Listing.ListingDescription", "_text": "MyStore\\MyStore.Data.Populater\\Populater.cs", "_type": "ListingDescription"}, {"py/object": "Sto.Listing.Listing", "_text": "using System;\nusing System.Linq;\nusing System.Text.RegularExpressions;\n\nusing Microsoft.EntityFrameworkCore;\n\nusing MyStore.Data.Entity;\nusing MyStore.Data.Entity.Support;\n\nusing VkNet;\nusing VkNet.Enums.Filters;\nusing VkNet.Enums.SafetyEnums;\n\nnamespace MyStore.Data.Populater\n{\n    public class Populater\n    {\n        public Populater(VkApi api) => Api = api;\n\n        private VkApi Api { get; }\n\n        public void PopulateCustomers(int n)\n        {\n            using var context = new Context();\n\n            var r = new Random();\n\n            var cyrRegexp = new Regex(\"[\u0420\u0452-\u0420\u0407\u0420\u00b0-\u0421\u040f\u0420\u0403\u0420\u00b5]{3,30}\");\n            var names = Api.Users.Get(\n                    Enumerable.Range(1, n * 5).Select(t => (long) r.Next(1, 620_330_243)),\n                    ProfileFields.FirstName | ProfileFields.LastName,\n                    NameCase.Nom\n                ).Select(user => new {user.FirstName, user.LastName})\n                .Where(usernames => cyrRegexp.IsMatch(usernames.FirstName) && cyrRegexp.IsMatch(usernames.LastName))\n                .ToList();\n\n            var emailDomains = new[] {\"yandex.ru\", \"gmail.com\", \"mail.ru\", \"hotmail.com\"};\n\n            for (var i = 0; i < n; i++)\n            {\n                var salt = Crypto.GenerateSaltForPassword();\n                var customer = new Customer\n                {\n                    FirstName = names[r.Next(names.Count - 1)].FirstName,\n                    LastName = r.NextDouble() < 0.7 ? names[r.Next(names.Count - 1)].LastName : null,\n                    Honorific = r.NextDouble() < 0.1 ? \"\u0420\u201d\u0420\u0455\u0421\u0402.\" : null,\n                    Email =\n                        $\"{String.Join(\"\", Enumerable.Range(0, 8).Select(t => (char) r.Next('a', 'z')))}{r.Next(100, 999)}@{emailDomains[r.Next(emailDomains.Length - 1)]}\",\n                    PasswordHash = Crypto.ComputePasswordHash(\"qwerty\", salt),\n                    PasswordSalt = salt\n                };\n                context.Customers.Add(customer);\n            }\n\n            context.SaveChanges();\n        }\n\n        public void PopulateProducts(int n)\n        {\n            using var context = new Context();\n\n            var r = new Random();\n\n            for (var i = 0; i < n; i++)\n            {\n                var name =\n                    $\"{(char) r.Next('\u0420\u0452', '\u0420\u0407')}{String.Join(\"\", Enumerable.Range(0, 8).Select(t => (char) r.Next('\u0420\u00b0', '\u0421\u040f')))}\";\n                var product = new Product\n                {\n                    Name = name,\n                    Description = $\"\u0420\u045b\u0420\u0457\u0420\u0451\u0421\u0403\u0420\u00b0\u0420\u0405\u0420\u0451\u0420\u00b5 \u0421\u201a\u0420\u0455\u0420\u0406\u0420\u00b0\u0421\u0402\u0420\u00b0 {name}\",\n                    Price = r.Next(10, 10000) / (decimal) 10\n                };\n                context.Products.Add(product);\n            }\n\n            context.SaveChanges();\n        }\n\n        public void PopulateCarts(int n, int m, int k)\n        {\n            using var context = new Context();\n\n            var r = new Random();\n\n            var customers = context.Customers.ToList();\n            var products = context.Products.ToList();\n\n            var customersCount = context.Customers.Count();\n            var productsCount = context.Products.Count();\n\n\n            for (var i = 0; i < n; i++)\n            {\n                var isPublic = r.NextDouble() > 0.7;\n                var cart = new Cart\n                {\n                    IsPublic = isPublic,\n                    OwnerCustomer = r.NextDouble() > 0.7 || !isPublic ? customers[r.Next(customersCount - 1)] : null\n                };\n                for (var j = 0; j < r.Next(m); j++)\n                {\n                    context.CartProducts.Add(\n                        new CartProduct\n                        {\n                            Cart = cart,\n                            Product = products[r.Next(productsCount - 1)]\n                        });\n                }\n\n                if (cart.IsPublic)\n                {\n                    for (var j = 0; j < r.Next(k); j++)\n                    {\n                        customers[r.Next(customersCount - 1)].CurrentCart = cart;\n                    }\n                }\n                else if (r.NextDouble() > 0.7)\n                {\n                    cart.OwnerCustomer.CurrentCart = cart;\n                }\n\n                context.Carts.Add(cart);\n            }\n\n            context.SaveChanges();\n        }\n\n        public void PopulateOrdersOrderedProducts(int n, int m)\n        {\n            using var context = new Context();\n\n            var r = new Random();\n\n            var customers = context.Customers.ToList();\n            var products = context.Products.ToList();\n\n            for (var i = 0; i < n; i++)\n            {\n                var order = new Order\n                {\n                    Customer = customers[r.Next(customers.Count - 1)]\n                };\n                order.OrderedProducts = Enumerable.Range(0, m)\n                    .Select(_ => r.Next(products.Count - 1))\n                    .Distinct()\n                    .Select(ind => products[ind])\n                    .Select(product => new OrderedProduct\n                    {\n                        Product = product,\n                        Order = order,\n                        OrderedPrice = r.NextDouble() > 0.8 ? product.Price * 0.8m : product.Price\n                    })\n                    .ToList();\n\n                context.Orders.Add(order);\n            }\n\n            context.SaveChanges();\n        }\n\n        public void PopulateSupportOperators(int n)\n        {\n            using var context = new Context();\n\n            var r = new Random();\n\n            var cyrRegexp = new Regex(\"[\u0420\u0452-\u0420\u0407\u0420\u00b0-\u0421\u040f\u0420\u0403\u0420\u00b5]{3,30}\");\n            var names = Api.Users.Get(\n                    Enumerable.Range(1, n * 5).Select(t => (long) r.Next(1, 620_330_243)),\n                    ProfileFields.FirstName | ProfileFields.LastName,\n                    NameCase.Nom\n                ).Select(user => new {user.FirstName, user.LastName})\n                .Where(usernames => cyrRegexp.IsMatch(usernames.FirstName) && cyrRegexp.IsMatch(usernames.LastName))\n                .ToList();\n\n            var emailDomains = new[] {\"yandex.ru\", \"gmail.com\", \"mail.ru\", \"hotmail.com\"};\n\n            for (var i = 0; i < n; i++)\n            {\n                var salt = Crypto.GenerateSaltForPassword();\n                var op = new Operator\n                {\n                    FirstName = names[r.Next(names.Count - 1)].FirstName,\n                    LastName = names[r.Next(names.Count - 1)].LastName,\n                    Email =\n                        $\"{String.Join(\"\", Enumerable.Range(0, 8).Select(t => (char) r.Next('a', 'z')))}{r.Next(100, 999)}@{emailDomains[r.Next(emailDomains.Length - 1)]}\",\n                    PasswordHash = Crypto.ComputePasswordHash(\"qwerty\", salt),\n                    PasswordSalt = salt\n                };\n                context.SupportOperators.Add(op);\n            }\n\n            context.SaveChanges();\n        }\n\n        public void PopulateSupportTickets(int n)\n        {\n            using var context = new Context();\n\n            var r = new Random();\n\n            var customers = context.Customers.ToList();\n            var operators = context.SupportOperators.ToList();\n            var orders = context.Orders.ToList();\n\n            context.SupportTickets.AddRange(\n                Enumerable.Range(0, n)\n                    .Select(_ => new Ticket\n                    {\n                        Customer = customers[r.Next(customers.Count - 1)],\n                        SupportOperator = operators[r.Next(operators.Count - 1)],\n                        Order = r.NextDouble() < 0.4 ? orders[r.Next(orders.Count - 1)] : null\n                    })\n            );\n\n            context.SaveChanges();\n        }\n\n        public void PopulateAnswersQuestions()\n        {\n            using var context = new Context();\n\n            var r = new Random();\n\n            var tickets = context.SupportTickets.ToList();\n            var ops = context.SupportOperators.ToList();\n\n            foreach (var ticket in tickets)\n            {\n                var randomstring = String.Join(\"\", Enumerable.Range(0, 8).Select(t => (char) r.Next('\u0420\u00b0', '\u0421\u040f')));\n                var question = new Question\n                {\n                    SupportTicket = ticket,\n                    ReadTimestamp = DateTimeOffset.Now + TimeSpan.FromSeconds(10),\n                    Text = $\"\u0420\u2019\u0420\u0455\u0420\u0457\u0421\u0402\u0420\u0455\u0421\u0403 {randomstring}\"\n                };\n                context.SupportQuestions.Add(question);\n                var answer = new Answer\n                {\n                    SupportOperator = r.NextDouble() < 0.9 ? ticket.SupportOperator : ops[r.Next(ops.Count - 1)],\n                    SupportTicket = ticket,\n                    SendTimestamp = DateTimeOffset.Now + TimeSpan.FromSeconds(15),\n                    Text = $\"\u0420\u045b\u0421\u201a\u0420\u0406\u0420\u00b5\u0421\u201a {randomstring}\"\n                };\n                context.SupportAnswers.Add(answer);\n                if (r.NextDouble() > 0.5)\n                {\n                    var isRead = r.NextDouble() > 0.6;\n                    var q = new Question\n                    {\n                        SupportTicket = ticket,\n                        SendTimestamp = DateTimeOffset.Now + TimeSpan.FromSeconds(20),\n                        Text = $\"\u0420\u201d\u0420\u0455\u0420\u0457\u0420\u0455\u0420\u00bb\u0420\u0405\u0420\u0451\u0421\u201a\u0420\u00b5\u0420\u00bb\u0421\u040a\u0420\u0405\u0421\u2039\u0420\u2116 \u0420\u0406\u0420\u0455\u0420\u0457\u0421\u0402\u0420\u0455\u0421\u0403 {randomstring}\"\n                    };\n                    if (isRead)\n                    {\n                        q.ReadTimestamp = DateTimeOffset.Now + TimeSpan.FromSeconds(30);\n                    }\n\n                    context.SupportQuestions.Add(q);\n\n                    if (r.NextDouble() > 0.5 && isRead)\n                    {\n                        var ans2 = new Answer\n                        {\n                            SupportOperator =\n                                r.NextDouble() < 0.9 ? ticket.SupportOperator : ops[r.Next(ops.Count - 1)],\n                            SupportTicket = ticket,\n                            SendTimestamp = DateTimeOffset.Now + TimeSpan.FromSeconds(35),\n                            Text = $\"\u0420\u045b\u0421\u201a\u0420\u0406\u0420\u00b5\u0421\u201a \u0420\u0405\u0420\u00b0 \u0420\u0491\u0420\u0455\u0420\u0457\u0420\u0455\u0420\u00bb\u0420\u0405\u0420\u0451\u0421\u201a\u0420\u00b5\u0420\u00bb\u0421\u040a\u0420\u0405\u0421\u2039\u0420\u2116 \u0420\u0406\u0420\u0455\u0420\u0457\u0421\u0402\u0420\u0455\u0421\u0403 {randomstring}\"\n                        };\n                        context.SupportAnswers.Add(ans2);\n                    }\n                }\n            }\n\n            context.SaveChanges();\n        }\n    }\n}\n", "_type": "Listing"}, {"py/object": "Sto.Paragraph.Paragraph", "_text": "", "_type": "Paragraph"}, {"py/object": "Sto.Paragraph.Paragraph", "_text": "", "_type": "Paragraph"}, {"py/object": "Sto.Listing.ListingDescription", "_text": "MyStore\\MyStore.Data.Populater\\Program.cs", "_type": "ListingDescription"}, {"py/object": "Sto.Listing.Listing", "_text": "\u043f\u00bb\u0457using VkNet;\nusing VkNet.Enums;\nusing VkNet.Model;\n\nnamespace MyStore.Data.Populater\n{\n    internal static class Program\n    {\n        private static void Main(string[] args)\n        {\n            using (var context = new Context())\n            {\n                context.Database.EnsureCreated();\n            }\n\n            var api = new VkApi();\n            api.Authorize(new ApiAuthParams\n            {\n                AccessToken = \"1bb9ca221bb9ca221bb9ca22ad1bdfa76e11bb91bb9ca22441bbfc7d2cfe35c00c4a071\"\n            });\n            api.SetLanguage(Language.Ru);\n\n            var populater = new Populater(api);\n            var c = 4000;\n            for (var i = 72000; i < 500000; i += c)\n            {\n                populater.PopulateCustomers(c);\n            }\n            \n            populater.PopulateProducts(500000);\n            populater.PopulateCarts(500000, 2, 3);\n            populater.PopulateOrdersOrderedProducts(600000, 4);\n\n            for (var i = 0; i < 125000; i += c)\n            {\n                populater.PopulateSupportOperators(c);\n            }\n            \n            populater.PopulateSupportTickets(150000);\n            populater.PopulateAnswersQuestions();\n        }\n    }\n}\n", "_type": "Listing"}, {"py/object": "Sto.Paragraph.Paragraph", "_text": "", "_type": "Paragraph"}], "_level": 1}], "_resources_list": {"py/object": "Sto.ResourcesList.ResourcesList", "_text": "\u0421\u043f\u0438\u0441\u043e\u043a \u0438\u0441\u043f\u043e\u043b\u044c\u0437\u043e\u0432\u0430\u043d\u043d\u044b\u0445 \u0438\u0441\u0442\u043e\u0447\u043d\u0438\u043a\u043e\u0432", "_type": "ResourcesList", "_paragraphs": [], "_level": -1}, "_attachments": []}