{"py/object": "Sto.StoDocument.StoDocument", "_title_page": {"py/object": "Sto.Title.TitlePage", "_paragraphs": [{"py/object": "Sto.Title.ForHelpTitlePageCenter", "_text": "\u0424\u0435\u0434\u0435\u0440\u0430\u043b\u044c\u043d\u043e\u0435 \u0433\u043e\u0441\u0443\u0434\u0430\u0440\u0441\u0442\u0432\u0435\u043d\u043d\u043e\u0435 \u0430\u0432\u0442\u043e\u043d\u043e\u043c\u043d\u043e\u0435", "_type": "TypeForHelpTitlePageCenter"}, {"py/object": "Sto.Title.ForHelpTitlePageCenter", "_text": "\u043e\u0431\u0440\u0430\u0437\u043e\u0432\u0430\u0442\u0435\u043b\u044c\u043d\u043e\u0435 \u0443\u0447\u0440\u0435\u0436\u0434\u0435\u043d\u0438\u0435", "_type": "TypeForHelpTitlePageCenter"}, {"py/object": "Sto.Title.ForHelpTitlePageCenter", "_text": "\u0432\u044b\u0441\u0448\u0435\u0433\u043e \u043e\u0431\u0440\u0430\u0437\u043e\u0432\u0430\u043d\u0438\u044f", "_type": "TypeForHelpTitlePageCenter"}, {"py/object": "Sto.Title.ForHelpTitlePageCenter", "_text": "\u00ab\u0421\u0418\u0411\u0418\u0420\u0421\u041a\u0418\u0419 \u0424\u0415\u0414\u0415\u0420\u0410\u041b\u042c\u041d\u042b\u0419 \u0423\u041d\u0418\u0412\u0415\u0420\u0421\u0418\u0422\u0415\u0422\u00bb", "_type": "TypeForHelpTitlePageCenter"}, {"py/object": "Sto.Title.ForHelpTitlePageCenter", "_text": "", "_type": "TypeForHelpTitlePageCenter"}, {"py/object": "Sto.Title.DepartmentAndSubject", "_text": "\u0418\u043d\u0441\u0442\u0438\u0442\u0443\u0442 \u041a\u043e\u0441\u043c\u0438\u0447\u0435\u0441\u043a\u0438\u0445 \u0438 \u0438\u043d\u0444\u043e\u0440\u043c\u0430\u0446\u0438\u043e\u043d\u043d\u044b\u0445 \u0442\u0435\u0445\u043d\u043e\u043b\u043e\u0433\u0438\u0439", "_type": "DepartmentAndSubject"}, {"py/object": "Sto.Title.Subscript", "_text": "\u0438\u043d\u0441\u0442\u0438\u0442\u0443\u0442", "_type": "Subscript"}, {"py/object": "Sto.Title.DepartmentAndSubject", "_text": "\u041a\u0430\u0444\u0435\u0434\u0440\u0430 \u00ab\u0418\u043d\u0444\u043e\u0440\u043c\u0430\u0442\u0438\u043a\u0430\u00bb", "_type": "DepartmentAndSubject"}, {"py/object": "Sto.Title.Subscript", "_text": "\u043a\u0430\u0444\u0435\u0434\u0440\u0430", "_type": "Subscript"}, {"py/object": "Sto.Title.ForHelpTitlePageCenter", "_text": "", "_type": "TypeForHelpTitlePageCenter"}, {"py/object": "Sto.Title.ForHelpTitlePageCenter", "_text": "", "_type": "TypeForHelpTitlePageCenter"}, {"py/object": "Sto.Title.ForHelpTitlePageCenter", "_text": "", "_type": "TypeForHelpTitlePageCenter"}, {"py/object": "Sto.Title.ForHelpTitlePageCenter", "_text": "", "_type": "TypeForHelpTitlePageCenter"}, {"py/object": "Sto.Title.ForHelpTitlePageCenter", "_text": "", "_type": "TypeForHelpTitlePageCenter"}, {"py/object": "Sto.Title.ForHelpTitlePageCenter", "_text": "", "_type": "TypeForHelpTitlePageCenter"}, {"py/object": "Sto.Title.ForHelpTitlePageCenter", "_text": "", "_type": "TypeForHelpTitlePageCenter"}, {"py/object": "Sto.Title.ForHelpTitlePageCenter", "_text": "", "_type": "TypeForHelpTitlePageCenter"}, {"py/object": "Sto.Title.ForHelpTitlePageCenter", "_text": "", "_type": "TypeForHelpTitlePageCenter"}, {"py/object": "Sto.Title.ForHelpTitlePageCenter", "_text": "", "_type": "TypeForHelpTitlePageCenter"}, {"py/object": "Sto.Title.JobTitle", "_text": "\u041e\u0422\u0427\u0415\u0422 \u041f\u041e \u041f\u0420\u0410\u041a\u0422\u0418\u0427\u0415\u0421\u041a\u041e\u0419 \u0420\u0410\u0411\u041e\u0422\u0415 \u21163", "_type": "JobTitle"}, {"py/object": "Sto.Title.ForHelpTitlePageCenter", "_text": "", "_type": "TypeForHelpTitlePageCenter"}, {"py/object": "Sto.Title.DepartmentAndSubject", "_text": "\u0418\u043d\u0434\u0435\u043a\u0441\u044b", "_type": "DepartmentAndSubject"}, {"py/object": "Sto.Title.Subscript", "_text": "\u0442\u0435\u043c\u0430", "_type": "Subscript"}, {"py/object": "Sto.Title.ForHelpTitlePageCenter", "_text": "", "_type": "TypeForHelpTitlePageCenter"}, {"py/object": "Sto.Title.ForHelpTitlePageCenter", "_text": "", "_type": "TypeForHelpTitlePageCenter"}, {"py/object": "Sto.Title.ForHelpTitlePageCenter", "_text": "", "_type": "TypeForHelpTitlePageCenter"}, {"py/object": "Sto.Title.ForHelpTitlePageCenter", "_text": "", "_type": "TypeForHelpTitlePageCenter"}, {"py/object": "Sto.Title.ForHelpTitlePageCenter", "_text": "", "_type": "TypeForHelpTitlePageCenter"}, {"py/object": "Sto.Title.ForHelpTitlePageCenter", "_text": "", "_type": "TypeForHelpTitlePageCenter"}, {"py/object": "Sto.Title.ForHelpTitlePageCenter", "_text": "", "_type": "TypeForHelpTitlePageCenter"}, {"py/object": "Sto.Title.ForHelpTitlePageCenter", "_text": "", "_type": "TypeForHelpTitlePageCenter"}, {"py/object": "Sto.Title.TeacherAndStudent", "_text": "\u0442\u0430\u0431\u043b\u0438\u0446\u0430", "_type": "TeacherAndStudent", "_table": ["\u041f\u0440\u0435\u043f\u043e\u0434\u0430\u0432\u0430\u0442\u0435\u043b\u044c", " ", "\u0410.\u041a. \u041f\u043e\u0433\u0440\u0435\u0431\u043d\u0438\u043a\u043e\u0432", " ", "\u043f\u043e\u0434\u043f\u0438\u0441\u044c, \u0434\u0430\u0442\u0430", "\u0438\u043d\u0438\u0446\u0438\u0430\u043b\u044b, \u0444\u0430\u043c\u0438\u043b\u0438\u044f", "\u0421\u0442\u0443\u0434\u0435\u043d\u0442 \u041a\u041818-16\u0431  031831229", " ", "\u0412.\u0410. \u041f\u0440\u0435\u043a\u0435\u043b\u044c", "\u043d\u043e\u043c\u0435\u0440 \u0433\u0440\u0443\u043f\u043f\u044b, \u0437\u0430\u0447\u0435\u0442\u043d\u043e\u0439 \u043a\u043d\u0438\u0436\u043a\u0438", "\u043f\u043e\u0434\u043f\u0438\u0441\u044c, \u0434\u0430\u0442\u0430", "\u0438\u043d\u0438\u0446\u0438\u0430\u043b\u044b, \u0444\u0430\u043c\u0438\u043b\u0438\u044f"]}, {"py/object": "Sto.Title.ForHelpTitlePageCenter", "_text": "", "_type": "TypeForHelpTitlePageCenter"}, {"py/object": "Sto.Title.ForHelpTitlePageCenter", "_text": "", "_type": "TypeForHelpTitlePageCenter"}, {"py/object": "Sto.Title.ForHelpTitlePageCenter", "_text": "", "_type": "TypeForHelpTitlePageCenter"}, {"py/object": "Sto.Title.ForHelpTitlePageCenter", "_text": "", "_type": "TypeForHelpTitlePageCenter"}, {"py/object": "Sto.Title.ForHelpTitlePageCenter", "_text": "", "_type": "TypeForHelpTitlePageCenter"}, {"py/object": "Sto.Title.ForHelpTitlePageCenter", "_text": "", "_type": "TypeForHelpTitlePageCenter"}, {"py/object": "Sto.Title.ForHelpTitlePageCenter", "_text": "", "_type": "TypeForHelpTitlePageCenter"}, {"py/object": "Sto.Title.ForHelpTitlePageCenter", "_text": "", "_type": "TypeForHelpTitlePageCenter"}, {"py/object": "Sto.Title.ForHelpTitlePageCenter", "_text": "", "_type": "TypeForHelpTitlePageCenter"}, {"py/object": "Sto.Title.ForHelpTitlePageCenter", "_text": "", "_type": "TypeForHelpTitlePageCenter"}, {"py/object": "Sto.Title.ForHelpTitlePageCenter", "_text": "\u041a\u0440\u0430\u0441\u043d\u043e\u044f\u0440\u0441\u043a 2020", "_type": "TypeForHelpTitlePageCenter"}]}, "_headings": [{"py/object": "Sto.Heading.Heading", "_text": "\u0426\u0435\u043b\u044c \u0440\u0430\u0431\u043e\u0442\u044b", "_type": "Heading", "_paragraphs": [{"py/object": "Sto.Paragraph.Paragraph", "_text": "\u0414\u043e\u0431\u0430\u0432\u0438\u0442\u044c \u0438\u043d\u0434\u0435\u043a\u0441\u044b \u0432 \u0442\u0430\u0431\u043b\u0438\u0446\u044b.", "_type": "Paragraph"}], "_level": 1}, {"py/object": "Sto.Heading.Heading", "_text": "\u041e\u0431\u0449\u0430\u044f \u043f\u043e\u0441\u0442\u0430\u043d\u043e\u0432\u043a\u0430 \u0437\u0430\u0434\u0430\u0447\u0438", "_type": "Heading", "_paragraphs": [{"py/object": "Sto.Paragraph.Paragraph", "_text": "\u0414\u043e\u0431\u0430\u0432\u0438\u0442\u044c \u0438\u043d\u0434\u0435\u043a\u0441\u044b \u0432 \u0442\u0430\u0431\u043b\u0438\u0446\u044b.", "_type": "Paragraph"}], "_level": 1}, {"py/object": "Sto.Heading.Heading", "_text": "\u0418\u0441\u0445\u043e\u0434\u043d\u044b\u0439 \u043a\u043e\u0434", "_type": "Heading", "_paragraphs": [{"py/object": "Sto.Paragraph.Paragraph", "_text": "", "_type": "Paragraph"}, {"py/object": "Sto.Listing.ListingDescription", "_text": "\u0422\u0435\u0441\u0442\u0438\u0440\u0443\u0435\u043c\u044b\u0439 \u0437\u0430\u043f\u0440\u043e\u0441", "_type": "ListingDescription"}, {"py/object": "Sto.Listing.Listing", "_text": "SELECT \"SupportQuestions\".\"SupportTicketId\",\n       true \"IsQuestion\",\n       \"SupportQuestions\".\"SendTimestamp\",\n       \"SupportQuestions\".\"ReadTimestamp\",\n       C.\"FirstName\",\n       C.\"LastName\",\n       \"SupportQuestions\".\"Text\"\nFROM public.\"SupportQuestions\"\n         JOIN \"SupportTickets\" ST on ST.\"SupportTicketId\" = \"SupportQuestions\".\"SupportTicketId\"\n         JOIN \"Customers\" C on C.\"CustomerId\" = ST.\"CustomerId\"\nWHERE C.\"FirstName\" = '\u042e\u043b\u0438\u044f'\nUNION\nSELECT \"SupportAnswers\".\"SupportTicketId\",\n       false,\n       \"SupportAnswers\".\"SendTimestamp\",\n       NULL,\n       SO.\"FirstName\",\n       SO.\"LastName\",\n       \"SupportAnswers\".\"Text\"\nFROM public.\"SupportAnswers\"\n         JOIN \"SupportOperators\" SO on SO.\"SupportOperatorId\" = \"SupportAnswers\".\"SupportOperatorId\"\nWHERE SO.\"FirstName\" = '\u042e\u043b\u0438\u044f'\nORDER BY \"SupportTicketId\", \"SendTimestamp\";", "_type": "Listing"}, {"py/object": "Sto.Paragraph.Paragraph", "_text": "", "_type": "Paragraph"}, {"py/object": "Sto.Paragraph.Paragraph", "_text": "", "_type": "Paragraph"}, {"py/object": "Sto.Listing.ListingDescription", "_text": "\u0414\u043e\u0431\u0430\u0432\u043b\u0435\u043d\u0438\u0435 \u0438 \u0443\u0434\u0430\u043b\u0435\u043d\u0438\u0435 \u0438\u043d\u0434\u0435\u043a\u0441\u043e\u0432", "_type": "ListingDescription"}, {"py/object": "Sto.Listing.Listing", "_text": "CREATE INDEX ON public.\"SupportOperators\" (\"FirstName\");\nCREATE INDEX ON public.\"Customers\" (\"FirstName\");\n\nDROP INDEX \"SupportOperators_FirstName_idx\";\nDROP INDEX \"Customers_FirstName_idx\";", "_type": "Listing"}, {"py/object": "Sto.Paragraph.Paragraph", "_text": "", "_type": "Paragraph"}, {"py/object": "Sto.Paragraph.Paragraph", "_text": "", "_type": "Paragraph"}, {"py/object": "Sto.Listing.ListingDescription", "_text": "Explain Analyze \u0431\u0435\u0437 \u0438\u043d\u0434\u0435\u043a\u0441\u043e\u0432", "_type": "ListingDescription"}, {"py/object": "Sto.Listing.Listing", "_text": "Sort  (cost=25667.47..25678.24 rows=4309 width=329) (actual time=79.551..79.737 rows=3999 loops=1)\n\"  Sort Key: \"\"SupportAnswers\"\".\"\"SupportTicketId\"\", \"\"SupportAnswers\"\".\"\"SendTimestamp\"\"\"\n  Sort Method: quicksort  Memory: 679kB\n  ->  HashAggregate  (cost=25364.26..25407.35 rows=4309 width=329) (actual time=77.289..78.174 rows=3999 loops=1)\n\"        Group Key: \"\"SupportAnswers\"\".\"\"SupportTicketId\"\", (false), \"\"SupportAnswers\"\".\"\"SendTimestamp\"\", (NULL::timestamp with time zone), so.\"\"FirstName\"\", so.\"\"LastName\"\", \"\"SupportAnswers\"\".\"\"Text\"\"\"\n        ->  Gather  (cost=1000.84..25288.86 rows=4309 width=329) (actual time=4.281..99.984 rows=3999 loops=1)\n              Workers Planned: 2\n              Workers Launched: 2\n              ->  Parallel Append  (cost=0.84..23857.96 rows=3787 width=329) (actual time=4.851..48.265 rows=1333 loops=3)\n                    ->  Parallel Hash Join  (cost=2899.38..5921.10 rows=1052 width=81) (actual time=4.708..12.714 rows=565 loops=3)\n\"                          Hash Cond: (\"\"SupportAnswers\"\".\"\"SupportOperatorId\"\" = so.\"\"SupportOperatorId\"\")\"\n\"                          ->  Parallel Seq Scan on \"\"SupportAnswers\"\"  (cost=0.00..2766.86 rows=97086 width=48) (actual time=0.005..3.908 rows=55015 loops=3)\"\n                          ->  Parallel Hash  (cost=2889.18..2889.18 rows=816 width=32) (actual time=4.590..4.590 rows=448 loops=3)\n                                Buckets: 2048  Batches: 1  Memory Usage: 112kB\n\"                                ->  Parallel Seq Scan on \"\"SupportOperators\"\" so  (cost=0.00..2889.18 rows=816 width=32) (actual time=0.015..13.489 rows=1343 loops=1)\"\n\"                                      Filter: ((\"\"FirstName\"\")::text = '\u042e\u043b\u0438\u044f'::text)\"\n                                      Rows Removed by Filter: 126657\n                    ->  Nested Loop  (cost=0.84..17874.83 rows=1050 width=88) (actual time=0.336..53.207 rows=1153 loops=2)\n                          ->  Nested Loop  (cost=0.42..17477.59 rows=700 width=32) (actual time=0.320..50.250 rows=772 loops=2)\n\"                                ->  Parallel Seq Scan on \"\"Customers\"\" c  (cost=0.00..13746.46 rows=2721 width=32) (actual time=0.159..44.458 rows=2853 loops=2)\"\n\"                                      Filter: ((\"\"FirstName\"\")::text = '\u042e\u043b\u0438\u044f'::text)\"\n                                      Rows Removed by Filter: 288658\n\"                                ->  Index Scan using \"\"IX_SupportTickets_CustomerId\"\" on \"\"SupportTickets\"\" st  (cost=0.42..1.36 rows=1 width=8) (actual time=0.002..0.002 rows=0 loops=5706)\"\n\"                                      Index Cond: (\"\"CustomerId\"\" = c.\"\"CustomerId\"\")\"\n\"                          ->  Index Scan using \"\"IX_SupportQuestions_SupportTicketId\"\" on \"\"SupportQuestions\"\"  (cost=0.42..0.55 rows=2 width=59) (actual time=0.003..0.003 rows=1 loops=1543)\"\n\"                                Index Cond: (\"\"SupportTicketId\"\" = st.\"\"SupportTicketId\"\")\"\nPlanning Time: 0.468 ms\nExecution Time: 105.198 ms\n", "_type": "Listing"}, {"py/object": "Sto.Paragraph.Paragraph", "_text": "", "_type": "Paragraph"}, {"py/object": "Sto.Paragraph.Paragraph", "_text": "", "_type": "Paragraph"}, {"py/object": "Sto.Listing.ListingDescription", "_text": "Explain Analyze \u0441 \u0438\u043d\u0434\u0435\u043a\u0441\u0430\u043c\u0438", "_type": "ListingDescription"}, {"py/object": "Sto.Listing.Listing", "_text": "Sort  (cost=20141.81..20152.58 rows=4309 width=329) (actual time=51.517..51.627 rows=3999 loops=1)\n\"  Sort Key: \"\"SupportQuestions\"\".\"\"SupportTicketId\"\", \"\"SupportQuestions\"\".\"\"SendTimestamp\"\"\"\n  Sort Method: quicksort  Memory: 679kB\n  ->  HashAggregate  (cost=19838.61..19881.70 rows=4309 width=329) (actual time=49.422..50.231 rows=3999 loops=1)\n\"        Group Key: \"\"SupportQuestions\"\".\"\"SupportTicketId\"\", (true), \"\"SupportQuestions\"\".\"\"SendTimestamp\"\", \"\"SupportQuestions\"\".\"\"ReadTimestamp\"\", c.\"\"FirstName\"\", c.\"\"LastName\"\", \"\"SupportQuestions\"\".\"\"Text\"\"\"\n        ->  Append  (cost=10078.32..19763.20 rows=4309 width=329) (actual time=5.273..47.594 rows=3999 loops=1)\n              ->  Nested Loop  (cost=10078.32..13881.02 rows=2521 width=88) (actual time=5.272..27.154 rows=2305 loops=1)\n                    ->  Hash Join  (cost=10077.90..12927.65 rows=1680 width=32) (actual time=5.258..23.491 rows=1543 loops=1)\n\"                          Hash Cond: (st.\"\"CustomerId\"\" = c.\"\"CustomerId\"\")\"\n\"                          ->  Seq Scan on \"\"SupportTickets\"\" st  (cost=0.00..2456.00 rows=150000 width=8) (actual time=0.008..7.454 rows=149999 loops=1)\"\n                          ->  Hash  (cost=9996.28..9996.28 rows=6530 width=32) (actual time=5.218..5.218 rows=5706 loops=1)\n                                Buckets: 8192  Batches: 1  Memory Usage: 388kB\n\"                                ->  Bitmap Heap Scan on \"\"Customers\"\" c  (cost=159.03..9996.28 rows=6530 width=32) (actual time=1.300..4.421 rows=5706 loops=1)\"\n\"                                      Recheck Cond: ((\"\"FirstName\"\")::text = '\u042e\u043b\u0438\u044f'::text)\"\n                                      Heap Blocks: exact=4227\n\"                                      ->  Bitmap Index Scan on \"\"Customers_FirstName_idx\"\"  (cost=0.00..157.40 rows=6530 width=0) (actual time=0.937..0.937 rows=5706 loops=1)\"\n\"                                            Index Cond: ((\"\"FirstName\"\")::text = '\u042e\u043b\u0438\u044f'::text)\"\n\"                    ->  Index Scan using \"\"IX_SupportQuestions_SupportTicketId\"\" on \"\"SupportQuestions\"\"  (cost=0.42..0.55 rows=2 width=59) (actual time=0.002..0.002 rows=1 loops=1543)\"\n\"                          Index Cond: (\"\"SupportTicketId\"\" = st.\"\"SupportTicketId\"\")\"\n              ->  Hash Join  (cost=1937.81..5817.54 rows=1788 width=81) (actual time=1.118..20.232 rows=1694 loops=1)\n\"                    Hash Cond: (\"\"SupportAnswers\"\".\"\"SupportOperatorId\"\" = so.\"\"SupportOperatorId\"\")\"\n\"                    ->  Seq Scan on \"\"SupportAnswers\"\"  (cost=0.00..3446.47 rows=165047 width=48) (actual time=0.021..8.682 rows=165046 loops=1)\"\n                    ->  Hash  (cost=1920.48..1920.48 rows=1387 width=32) (actual time=1.082..1.082 rows=1343 loops=1)\n                          Buckets: 2048  Batches: 1  Memory Usage: 98kB\n\"                          ->  Bitmap Heap Scan on \"\"SupportOperators\"\" so  (cost=35.17..1920.48 rows=1387 width=32) (actual time=0.364..0.930 rows=1343 loops=1)\"\n\"                                Recheck Cond: ((\"\"FirstName\"\")::text = '\u042e\u043b\u0438\u044f'::text)\"\n                                Heap Blocks: exact=955\n\"                                ->  Bitmap Index Scan on \"\"SupportOperators_FirstName_idx\"\"  (cost=0.00..34.82 rows=1387 width=0) (actual time=0.289..0.289 rows=1343 loops=1)\"\n\"                                      Index Cond: ((\"\"FirstName\"\")::text = '\u042e\u043b\u0438\u044f'::text)\"\nPlanning Time: 2.364 ms\nExecution Time: 52.089 ms\n", "_type": "Listing"}, {"py/object": "Sto.Paragraph.Paragraph", "_text": "", "_type": "Paragraph"}], "_level": 1}], "_resources_list": {"py/object": "Sto.ResourcesList.ResourcesList", "_text": "\u0421\u043f\u0438\u0441\u043e\u043a \u0438\u0441\u043f\u043e\u043b\u044c\u0437\u043e\u0432\u0430\u043d\u043d\u044b\u0445 \u0438\u0441\u0442\u043e\u0447\u043d\u0438\u043a\u043e\u0432", "_type": "ResourcesList", "_paragraphs": [], "_level": -1}, "_attachments": []}