{"py/object": "Sto.StoDocument.StoDocument", "_title_page": {"py/object": "Sto.Title.TitlePage", "_paragraphs": [{"py/object": "Sto.Title.ForHelpTitlePageCenter", "_text": "\u0424\u0435\u0434\u0435\u0440\u0430\u043b\u044c\u043d\u043e\u0435 \u0433\u043e\u0441\u0443\u0434\u0430\u0440\u0441\u0442\u0432\u0435\u043d\u043d\u043e\u0435 \u0430\u0432\u0442\u043e\u043d\u043e\u043c\u043d\u043e\u0435", "_type": "TypeForHelpTitlePageCenter"}, {"py/object": "Sto.Title.ForHelpTitlePageCenter", "_text": "\u043e\u0431\u0440\u0430\u0437\u043e\u0432\u0430\u0442\u0435\u043b\u044c\u043d\u043e\u0435 \u0443\u0447\u0440\u0435\u0436\u0434\u0435\u043d\u0438\u0435", "_type": "TypeForHelpTitlePageCenter"}, {"py/object": "Sto.Title.ForHelpTitlePageCenter", "_text": "\u0432\u044b\u0441\u0448\u0435\u0433\u043e \u043e\u0431\u0440\u0430\u0437\u043e\u0432\u0430\u043d\u0438\u044f", "_type": "TypeForHelpTitlePageCenter"}, {"py/object": "Sto.Title.ForHelpTitlePageCenter", "_text": "\u00ab\u0421\u0418\u0411\u0418\u0420\u0421\u041a\u0418\u0419 \u0424\u0415\u0414\u0415\u0420\u0410\u041b\u042c\u041d\u042b\u0419 \u0423\u041d\u0418\u0412\u0415\u0420\u0421\u0418\u0422\u0415\u0422\u00bb", "_type": "TypeForHelpTitlePageCenter"}, {"py/object": "Sto.Title.ForHelpTitlePageCenter", "_text": "", "_type": "TypeForHelpTitlePageCenter"}, {"py/object": "Sto.Title.DepartmentAndSubject", "_text": "\u0418\u043d\u0441\u0442\u0438\u0442\u0443\u0442 \u041a\u043e\u0441\u043c\u0438\u0447\u0435\u0441\u043a\u0438\u0445 \u0438 \u0438\u043d\u0444\u043e\u0440\u043c\u0430\u0446\u0438\u043e\u043d\u043d\u044b\u0445 \u0442\u0435\u0445\u043d\u043e\u043b\u043e\u0433\u0438\u0439", "_type": "DepartmentAndSubject"}, {"py/object": "Sto.Title.Subscript", "_text": "\u0438\u043d\u0441\u0442\u0438\u0442\u0443\u0442", "_type": "Subscript"}, {"py/object": "Sto.Title.DepartmentAndSubject", "_text": "\u041a\u0430\u0444\u0435\u0434\u0440\u0430 \u00ab\u0418\u043d\u0444\u043e\u0440\u043c\u0430\u0442\u0438\u043a\u0430\u00bb", "_type": "DepartmentAndSubject"}, {"py/object": "Sto.Title.Subscript", "_text": "\u043a\u0430\u0444\u0435\u0434\u0440\u0430", "_type": "Subscript"}, {"py/object": "Sto.Title.ForHelpTitlePageCenter", "_text": "", "_type": "TypeForHelpTitlePageCenter"}, {"py/object": "Sto.Title.ForHelpTitlePageCenter", "_text": "", "_type": "TypeForHelpTitlePageCenter"}, {"py/object": "Sto.Title.ForHelpTitlePageCenter", "_text": "", "_type": "TypeForHelpTitlePageCenter"}, {"py/object": "Sto.Title.ForHelpTitlePageCenter", "_text": "", "_type": "TypeForHelpTitlePageCenter"}, {"py/object": "Sto.Title.ForHelpTitlePageCenter", "_text": "", "_type": "TypeForHelpTitlePageCenter"}, {"py/object": "Sto.Title.ForHelpTitlePageCenter", "_text": "", "_type": "TypeForHelpTitlePageCenter"}, {"py/object": "Sto.Title.ForHelpTitlePageCenter", "_text": "", "_type": "TypeForHelpTitlePageCenter"}, {"py/object": "Sto.Title.ForHelpTitlePageCenter", "_text": "", "_type": "TypeForHelpTitlePageCenter"}, {"py/object": "Sto.Title.ForHelpTitlePageCenter", "_text": "", "_type": "TypeForHelpTitlePageCenter"}, {"py/object": "Sto.Title.ForHelpTitlePageCenter", "_text": "", "_type": "TypeForHelpTitlePageCenter"}, {"py/object": "Sto.Title.JobTitle", "_text": "\u041e\u0422\u0427\u0415\u0422 \u041f\u041e \u041f\u0420\u0410\u041a\u0422\u0418\u0427\u0415\u0421\u041a\u041e\u0419 \u0420\u0410\u0411\u041e\u0422\u0415 \u21166", "_type": "JobTitle"}, {"py/object": "Sto.Title.ForHelpTitlePageCenter", "_text": "", "_type": "TypeForHelpTitlePageCenter"}, {"py/object": "Sto.Title.DepartmentAndSubject", "_text": "REST \u0441\u0435\u0440\u0432\u0438\u0441", "_type": "DepartmentAndSubject"}, {"py/object": "Sto.Title.Subscript", "_text": "\u0442\u0435\u043c\u0430", "_type": "Subscript"}, {"py/object": "Sto.Title.ForHelpTitlePageCenter", "_text": "", "_type": "TypeForHelpTitlePageCenter"}, {"py/object": "Sto.Title.ForHelpTitlePageCenter", "_text": "", "_type": "TypeForHelpTitlePageCenter"}, {"py/object": "Sto.Title.ForHelpTitlePageCenter", "_text": "", "_type": "TypeForHelpTitlePageCenter"}, {"py/object": "Sto.Title.ForHelpTitlePageCenter", "_text": "", "_type": "TypeForHelpTitlePageCenter"}, {"py/object": "Sto.Title.ForHelpTitlePageCenter", "_text": "", "_type": "TypeForHelpTitlePageCenter"}, {"py/object": "Sto.Title.ForHelpTitlePageCenter", "_text": "", "_type": "TypeForHelpTitlePageCenter"}, {"py/object": "Sto.Title.ForHelpTitlePageCenter", "_text": "", "_type": "TypeForHelpTitlePageCenter"}, {"py/object": "Sto.Title.ForHelpTitlePageCenter", "_text": "", "_type": "TypeForHelpTitlePageCenter"}, {"py/object": "Sto.Title.TeacherAndStudent", "_text": "\u0442\u0430\u0431\u043b\u0438\u0446\u0430", "_type": "TeacherAndStudent", "_table": ["\u041f\u0440\u0435\u043f\u043e\u0434\u0430\u0432\u0430\u0442\u0435\u043b\u044c", " ", "\u0410.\u041a. \u041f\u043e\u0433\u0440\u0435\u0431\u043d\u0438\u043a\u043e\u0432", " ", "\u043f\u043e\u0434\u043f\u0438\u0441\u044c, \u0434\u0430\u0442\u0430", "\u0438\u043d\u0438\u0446\u0438\u0430\u043b\u044b, \u0444\u0430\u043c\u0438\u043b\u0438\u044f", "\u0421\u0442\u0443\u0434\u0435\u043d\u0442 \u041a\u041818-16\u0431  031831229", " ", "\u0412.\u0410. \u041f\u0440\u0435\u043a\u0435\u043b\u044c", "\u043d\u043e\u043c\u0435\u0440 \u0433\u0440\u0443\u043f\u043f\u044b, \u0437\u0430\u0447\u0435\u0442\u043d\u043e\u0439 \u043a\u043d\u0438\u0436\u043a\u0438", "\u043f\u043e\u0434\u043f\u0438\u0441\u044c, \u0434\u0430\u0442\u0430", "\u0438\u043d\u0438\u0446\u0438\u0430\u043b\u044b, \u0444\u0430\u043c\u0438\u043b\u0438\u044f"]}, {"py/object": "Sto.Title.ForHelpTitlePageCenter", "_text": "", "_type": "TypeForHelpTitlePageCenter"}, {"py/object": "Sto.Title.ForHelpTitlePageCenter", "_text": "", "_type": "TypeForHelpTitlePageCenter"}, {"py/object": "Sto.Title.ForHelpTitlePageCenter", "_text": "", "_type": "TypeForHelpTitlePageCenter"}, {"py/object": "Sto.Title.ForHelpTitlePageCenter", "_text": "", "_type": "TypeForHelpTitlePageCenter"}, {"py/object": "Sto.Title.ForHelpTitlePageCenter", "_text": "", "_type": "TypeForHelpTitlePageCenter"}, {"py/object": "Sto.Title.ForHelpTitlePageCenter", "_text": "", "_type": "TypeForHelpTitlePageCenter"}, {"py/object": "Sto.Title.ForHelpTitlePageCenter", "_text": "", "_type": "TypeForHelpTitlePageCenter"}, {"py/object": "Sto.Title.ForHelpTitlePageCenter", "_text": "", "_type": "TypeForHelpTitlePageCenter"}, {"py/object": "Sto.Title.ForHelpTitlePageCenter", "_text": "", "_type": "TypeForHelpTitlePageCenter"}, {"py/object": "Sto.Title.ForHelpTitlePageCenter", "_text": "", "_type": "TypeForHelpTitlePageCenter"}, {"py/object": "Sto.Title.ForHelpTitlePageCenter", "_text": "\u041a\u0440\u0430\u0441\u043d\u043e\u044f\u0440\u0441\u043a 2020", "_type": "TypeForHelpTitlePageCenter"}]}, "_headings": [{"py/object": "Sto.Heading.Heading", "_text": "\u0426\u0435\u043b\u044c \u0440\u0430\u0431\u043e\u0442\u044b", "_type": "Heading", "_paragraphs": [{"py/object": "Sto.Paragraph.Paragraph", "_text": "\u0412 \u0440\u0430\u043c\u043a\u0430\u0445 \u0434\u0430\u043d\u043d\u043e\u0439 \u043f\u0440\u0430\u043a\u0442\u0438\u0447\u0435\u0441\u043a\u043e\u0439 \u0440\u0430\u0431\u043e\u0442\u044b \u043d\u0435\u043e\u0431\u0445\u043e\u0434\u0438\u043c\u043e \u0440\u0435\u0430\u043b\u0438\u0437\u043e\u0432\u0430\u0442\u044c REST \u0441\u0435\u0440\u0432\u0438\u0441.", "_type": "Paragraph"}], "_level": 1}, {"py/object": "Sto.Heading.Heading", "_text": "\u041e\u0431\u0449\u0430\u044f \u043f\u043e\u0441\u0442\u0430\u043d\u043e\u0432\u043a\u0430 \u0437\u0430\u0434\u0430\u0447\u0438", "_type": "Heading", "_paragraphs": [{"py/object": "Sto.Paragraph.Paragraph", "_text": "\u0412 \u0440\u0430\u043c\u043a\u0430\u0445 \u0434\u0430\u043d\u043d\u043e\u0439 \u043f\u0440\u0430\u043a\u0442\u0438\u0447\u0435\u0441\u043a\u043e\u0439 \u0440\u0430\u0431\u043e\u0442\u044b \u043d\u0435\u043e\u0431\u0445\u043e\u0434\u0438\u043c\u043e \u0440\u0435\u0430\u043b\u0438\u0437\u043e\u0432\u0430\u0442\u044c REST \u0441\u0435\u0440\u0432\u0438\u0441. \u0420\u0430\u0437\u0440\u0430\u0431\u043e\u0442\u0430\u0439\u0442\u0435 \u0434\u0435\u043c\u043e\u043d\u0441\u0442\u0440\u0430\u0446\u0438\u043e\u043d\u043d\u043e\u0435 \u043f\u0440\u0438\u043b\u043e\u0436\u0435\u043d\u0438\u0435 (\u0438\u0441\u043f\u043e\u043b\u044c\u0437\u0443\u044f \u043b\u044e\u0431\u044b\u0435 \u0438\u0437\u0443\u0447\u0435\u043d\u043d\u044b\u0435 \u0442\u0435\u0445\u043d\u043e\u043b\u043e\u0433\u0438\u0438), \u043a\u043e\u0442\u043e\u0440\u043e\u0435 \u0438\u0441\u043f\u043e\u043b\u044c\u0437\u0443\u0435\u0442 \u043c\u0435\u0442\u043e\u0434\u044b GET, POST, DELETE \u0440\u0435\u0430\u043b\u0438\u0437\u043e\u0432\u0430\u043d\u043d\u043e\u0433\u043e REST-API, \u0430 \u0442\u0430\u043a\u0436\u0435 \u0441\u043f\u043e\u0441\u043e\u0431\u043d\u043e \u043e\u0442\u043e\u0431\u0440\u0430\u0436\u0430\u0442\u044c \u043f\u043e\u043b\u0443\u0447\u0435\u043d\u043d\u044b\u0439 \u0447\u0435\u0440\u0435\u0437 GET \u0440\u0435\u0437\u0443\u043b\u044c\u0442\u0430\u0442 \u0432 \u0432\u0438\u0434\u0435 \u0442\u0430\u0431\u043b\u0438\u0446\u044b.", "_type": "Paragraph"}], "_level": 1}, {"py/object": "Sto.Heading.Heading", "_text": "\u0418\u0441\u0445\u043e\u0434\u043d\u044b\u0439 \u043a\u043e\u0434", "_type": "Heading", "_paragraphs": [{"py/object": "Sto.Paragraph.Paragraph", "_text": "", "_type": "Paragraph"}, {"py/object": "Sto.Listing.ListingDescription", "_text": "MyStore.WebApi\\Controllers\\CartsController.fs", "_type": "ListingDescription"}, {"py/object": "Sto.Listing.Listing", "_text": "namespace MyStore.WebApi.Controllers\n\nopen System.Collections.Generic\nopen Microsoft.AspNetCore.Mvc\nopen Microsoft.Extensions.Logging\nopen MyStore.Data\nopen MyStore.Data.Entity\nopen MyStore.WebApi.Repository\nopen MyStore.WebApi.Utils\n\n[<ApiController>]\n[<Route(\"[controller]\")>]\ntype CartsController(logger: ILogger<CartsController>, context: Context) =\n    inherit ControllerBase()\n\n    [<HttpGet(\"{id}\")>]\n    member this.GetById(id) =\n        ActionResult.ofAsyncTA ActionResult<Cart>\n        <| async {\n            if Carts.exists context id\n            then return this.Ok(Carts.exactlyOne context id) :> _\n            else return this.NotFound() :> _\n           }\n\n\n    [<HttpGet(\"{id}/products\")>]\n    member this.GetCartProducts(id) =\n        ActionResult.ofAsyncTA ActionResult<IEnumerable<Product>>\n        <| async {\n            match Carts.exists context id with\n            | true ->\n                return\n                    this.Ok\n                        ((Carts.exactlyOneIncludeProducts context id)\n                            .Products) :> _\n            | false -> return this.NotFound() :> _\n           }\n\n\n    [<HttpPut(\"{id}/owner/{ownerId}\")>]\n    member this.SetOwner(id, [<FromQuery>] ownerId) =\n        ActionResult.ofAsyncTA ActionResult<unit>\n        <| async {\n            if (Carts.exists context id\n                && Customers.exists context ownerId) then\n                let cart = Carts.exactlyOne context id\n\n                cart.OwnerCustomerId <- ownerId\n\n                do! context.SaveChangesAsync()\n                    |> Async.AwaitTask\n                    |> Async.Ignore\n\n                return this.NoContent() :> _\n            else\n                return this.NotFound() :> _\n           }\n\n    [<HttpPut(\"{id}\")>]\n    member this.Update(id, [<FromBody>] cart: Cart) =\n        ActionResult.ofAsyncTA ActionResult<unit>\n        <| async {\n            if Carts.exists context id then\n                cart.CartId <- id\n\n                context.Carts.Update(cart) |> ignore\n\n                do! context.SaveChangesAsync()\n                    |> Async.AwaitTask\n                    |> Async.Ignore\n\n                return this.NoContent() :> _\n            else\n                return this.NotFound() :> _\n           }\n\n    [<HttpPost>]\n    member this.Create([<FromBody>] cart: Cart) =\n        ActionResult.ofAsyncTA ActionResult<Cart>\n        <| async {\n            do! context.Carts.AddAsync(cart).AsTask()\n                |> Async.AwaitTask\n                |> Async.Ignore\n\n            do! context.SaveChangesAsync()\n                |> Async.AwaitTask\n                |> Async.Ignore\n\n            return this.Created($\"carts/{cart.CartId}\", cart) :> _\n           }\n\n    [<HttpPut(\"{id}/products/{productId}\")>]\n    member this.AddProduct(id, productId) =\n        ActionResult.ofAsyncTA ActionResult<unit>\n        <| async {\n            if (Carts.exists context id\n                && Products.exists context productId) then\n                let cart = Carts.exactlyOne context id\n\n                let product = Products.exactlyOne context productId\n\n                cart.Products.Add(product)\n\n                do! context.SaveChangesAsync()\n                    |> Async.AwaitTask\n                    |> Async.Ignore\n\n                return this.Ok() :> _\n            else\n                return this.NotFound() :> _\n           }\n", "_type": "Listing"}, {"py/object": "Sto.Paragraph.Paragraph", "_text": "", "_type": "Paragraph"}, {"py/object": "Sto.Paragraph.Paragraph", "_text": "", "_type": "Paragraph"}, {"py/object": "Sto.Listing.ListingDescription", "_text": "MyStore.WebApi\\Controllers\\CustomersController.fs", "_type": "ListingDescription"}, {"py/object": "Sto.Listing.Listing", "_text": "\u043f\u00bb\u0457namespace MyStore.WebApi.Controllers\n\nopen System\nopen System.Collections.Generic\nopen Microsoft.AspNetCore.Mvc\nopen Microsoft.Extensions.Logging\nopen MyStore.Data\nopen MyStore.Data.Entity\nopen MyStore.WebApi.Utils\nopen MyStore.WebApi.Repository\n\n[<ApiController>]\n[<Route(\"[controller]\")>]\ntype CustomersController(logger: ILogger<CustomersController>, context: Context) =\n    inherit ControllerBase()\n\n    [<HttpGet>]\n    member this.GetOffset([<FromQuery>] start: Nullable<int>, [<FromQuery>] limit: Nullable<int>) =\n        ActionResult.ofAsyncTA ActionResult<IEnumerable<Customer>>\n        <| async {\n            return\n                this.Ok\n                    (nullableLimitStartToSkipTake (start, limit)\n                     |> Customers.skipTake context) :> _\n           }\n\n\n    [<HttpGet(\"{id}\")>]\n    member this.GetById(id) =\n        ActionResult.ofAsyncTA ActionResult<Customer>\n        <| async {\n            if (Customers.exists context id)\n            then return this.Ok(Customers.exactlyOne context id) :> _\n            else return this.NotFound() :> _\n           }\n\n    [<HttpDelete(\"{id}\")>]\n    member this.DeleteById(id) =\n        ActionResult.ofAsyncTA ActionResult<unit>\n        <| async {\n            if Customers.exists context id then\n                context.Customers.Remove(Customers.exactlyOne context id)\n                |> ignore\n\n                do! context.SaveChangesAsync()\n                    |> Async.AwaitTask\n                    |> Async.Ignore\n\n                return this.NoContent() :> _\n            else\n                return this.NotFound() :> _\n           }\n\n\n    [<HttpPut(\"{id}\")>]\n    member this.Update(id, [<FromBody>] customer: Customer) =\n        ActionResult.ofAsyncTA ActionResult<unit>\n        <| async {\n            if Customers.exists context id then\n                customer.CustomerId <- id\n\n                context.Customers.Update(customer) |> ignore\n\n                do! context.SaveChangesAsync()\n                    |> Async.AwaitTask\n                    |> Async.Ignore\n\n                return this.NoContent() :> _\n            else\n                return this.NotFound() :> _\n           }\n\n    [<HttpPost>]\n    member this.Add([<FromBody>] customer: Customer, [<FromQuery>] password) =\n        ActionResult.ofAsyncTA ActionResult<Customer>\n        <| async {\n            customer.PasswordSalt <- Crypto.GenerateSaltForPassword()\n            customer.PasswordHash <- Crypto.ComputePasswordHash(password, customer.PasswordSalt)\n\n            do! context.Customers.AddAsync(customer).AsTask()\n                |> Async.AwaitTask\n                |> Async.Ignore\n\n            do! context.SaveChangesAsync()\n                |> Async.AwaitTask\n                |> Async.Ignore\n\n\n            return this.Created($\"customers/{customer.CustomerId}\", customer) :> _\n           }\n", "_type": "Listing"}, {"py/object": "Sto.Paragraph.Paragraph", "_text": "", "_type": "Paragraph"}, {"py/object": "Sto.Paragraph.Paragraph", "_text": "", "_type": "Paragraph"}, {"py/object": "Sto.Listing.ListingDescription", "_text": "MyStore.WebApi\\Controllers\\OrdersController.fs", "_type": "ListingDescription"}, {"py/object": "Sto.Listing.Listing", "_text": "namespace MyStore.WebApi.Controllers\n\nopen System\nopen System.Collections.Generic\nopen Microsoft.AspNetCore.Mvc\nopen Microsoft.Extensions.Logging\nopen MyStore.Data\nopen MyStore.Data.Entity\nopen MyStore.Data.Entity\nopen MyStore.WebApi.Repository\nopen MyStore.WebApi.Utils\n\n[<ApiController>]\n[<Route(\"[controller]\")>]\ntype OrdersController(logger: ILogger<OrdersController>, context: Context) =\n    inherit ControllerBase()\n\n    [<HttpGet(\"{id}\")>]\n    member this.GetById(id) =\n        ActionResult.ofAsyncTA ActionResult<Order>\n        <| async {\n            match Orders.exists context id with\n            | true -> return this.Ok(Orders.exactlyOne context id) :> _\n            | false -> return this.NotFound() :> _\n           }\n\n\n    [<HttpGet>]\n    member this.GetOffset([<FromQuery>] start: Nullable<int>, [<FromQuery>] limit: Nullable<int>) =\n        ActionResult.ofAsyncTA ActionResult<IEnumerable<Order>>\n        <| async {\n            return\n                this.Ok\n                    (nullableLimitStartToSkipTake (start, limit)\n                     |> Orders.skipTake context) :> _\n           }\n\n    [<HttpPost>]\n    member this.Create([<FromBody>] order) =\n        ActionResult.ofAsyncTA ActionResult<Order>\n        <| async {\n            do! context.Orders.AddAsync(order).AsTask()\n                |> Async.AwaitTask\n                |> Async.Ignore\n\n            do! context.SaveChangesAsync()\n                |> Async.AwaitTask\n                |> Async.Ignore\n\n\n            return this.Created($\"orders/{order.OrderId}\", order) :> _\n           }\n\n    [<HttpPut(\"{id}\")>]\n    member this.Update(id, [<FromBody>] order: Order) =\n        ActionResult.ofAsyncTA ActionResult<unit>\n        <| async {\n            if Orders.exists context id then\n                order.OrderId <- id\n\n                context.Orders.Update(order) |> ignore\n\n                do! context.SaveChangesAsync()\n                    |> Async.AwaitTask\n                    |> Async.Ignore\n\n                return this.NoContent() :> _\n            else\n                return this.NotFound() :> _\n           }\n\n    [<HttpDelete(\"{id}\")>]\n    member this.DeleteById(id) =\n        ActionResult.ofAsyncTA ActionResult<unit>\n        <| async {\n            if Orders.exists context id then\n                context.Orders.Remove(Orders.exactlyOne context id)\n                |> ignore\n\n                do! context.SaveChangesAsync()\n                    |> Async.AwaitTask\n                    |> Async.Ignore\n\n                return this.NoContent() :> _\n            else\n                return this.NotFound() :> _\n           }\n\n    [<HttpGet(\"{id}/orderedProducts\")>]\n    member this.GetOrderedProducts(id) =\n        ActionResult.ofAsyncTA ActionResult<IEnumerable<OrderedProduct>>\n        <| async {\n            match Orders.exists context id with\n            | true ->\n                return\n                    this.Ok\n                        ((Orders.exactlyOneIncludeOrderedProducts context id)\n                            .OrderedProducts) :> _\n            | false -> return this.NotFound() :> _\n           }\n\n\n    [<HttpPost(\"{id}/orderedProducts/{productId}\")>]\n    member this.AddProduct(id, productId) =\n        ActionResult.ofAsyncTA ActionResult<unit>\n        <| async {\n            if (Orders.exists context id\n                && Products.exists context productId) then\n\n                let order = Orders.exactlyOne context id\n                let product = Products.exactlyOne context productId\n\n                let orderedProduct =\n                    OrderedProduct(ProductId = product.ProductId, OrderId = order.OrderId, OrderedPrice = product.Price)\n\n                do! context\n                        .OrderedProducts\n                        .AddAsync(orderedProduct)\n                        .AsTask()\n                    |> Async.AwaitTask\n                    |> Async.Ignore\n\n                order.OrderedProducts.Add(orderedProduct)\n\n                do! context.SaveChangesAsync()\n                    |> Async.AwaitTask\n                    |> Async.Ignore\n\n                return this.Created($\"{id}/orderedProducts/{productId}\", orderedProduct) :> _\n            else\n                return this.NotFound() :> _\n           }\n\n    [<HttpGet(\"{id}/orderedProducts/{productId}\")>]\n    member this.GetProduct(id, productId) =\n        ActionResult.ofAsyncTA ActionResult<unit>\n        <| async {\n            match OrderedProducts.exists context id productId with\n            | true -> return this.Ok(OrderedProducts.exactlyOne context id productId) :> _\n            | false -> return this.NotFound() :> _\n           }\n", "_type": "Listing"}, {"py/object": "Sto.Paragraph.Paragraph", "_text": "", "_type": "Paragraph"}, {"py/object": "Sto.Paragraph.Paragraph", "_text": "", "_type": "Paragraph"}, {"py/object": "Sto.Listing.ListingDescription", "_text": "MyStore.WebApi\\Controllers\\ProductsController.fs", "_type": "ListingDescription"}, {"py/object": "Sto.Listing.Listing", "_text": "namespace MyStore.WebApi.Controllers\n\nopen System\nopen System.Collections.Generic\nopen Microsoft.AspNetCore.Mvc\nopen Microsoft.Extensions.Logging\nopen MyStore.Data\nopen MyStore.Data.Entity\nopen MyStore.WebApi.Repository\nopen MyStore.WebApi.Utils\n\n[<ApiController>]\n[<Route(\"[controller]\")>]\ntype ProductsController(logger: ILogger<ProductsController>, context: Context) =\n    inherit ControllerBase()\n\n    [<HttpGet(\"{id}\")>]\n    member this.GetById(id) =\n        ActionResult.ofAsyncTA ActionResult<Product>\n        <| async {\n            match Products.exists context id with\n            | true -> return this.Ok(Products.exactlyOne context id) :> _\n            | false -> return this.NotFound() :> _\n           }\n\n\n    [<HttpGet>]\n    member this.GetOffset([<FromQuery>] start: Nullable<int>, [<FromQuery>] limit: Nullable<int>) =\n        ActionResult.ofAsyncTA ActionResult<IEnumerable<Product>>\n        <| async {\n            return\n                this.Ok\n                    (nullableLimitStartToSkipTake (start, limit)\n                     |> Products.skipTake context) :> _\n           }\n\n    [<HttpPost>]\n    member this.Create([<FromBody>] product) =\n        ActionResult.ofAsyncTA ActionResult<Product>\n        <| async {\n            do! context.Products.AddAsync(product).AsTask()\n                |> Async.AwaitTask\n                |> Async.Ignore\n\n            do! context.SaveChangesAsync()\n                |> Async.AwaitTask\n                |> Async.Ignore\n\n\n            return this.Created($\"products/{product.ProductId}\", product) :> _\n           }\n\n    [<HttpPut(\"{id}\")>]\n    member this.Update(id, [<FromBody>] product: Product) =\n        ActionResult.ofAsyncTA ActionResult<unit>\n        <| async {\n            if Products.exists context id then\n                product.ProductId <- id\n\n                context.Products.Update(product) |> ignore\n\n                do! context.SaveChangesAsync()\n                    |> Async.AwaitTask\n                    |> Async.Ignore\n\n                return this.NoContent() :> _\n            else\n                return this.NotFound() :> _\n           }\n\n    [<HttpDelete(\"{id}\")>]\n    member this.DeleteById(id) =\n        ActionResult.ofAsyncTA ActionResult<unit>\n        <| async {\n            if Products.exists context id then\n                context.Products.Remove(Products.exactlyOne context id)\n                |> ignore\n\n                do! context.SaveChangesAsync()\n                    |> Async.AwaitTask\n                    |> Async.Ignore\n\n                return this.NoContent() :> _\n            else\n                return this.NotFound() :> _\n           }\n", "_type": "Listing"}, {"py/object": "Sto.Paragraph.Paragraph", "_text": "", "_type": "Paragraph"}, {"py/object": "Sto.Paragraph.Paragraph", "_text": "", "_type": "Paragraph"}, {"py/object": "Sto.Listing.ListingDescription", "_text": "MyStore.WebApi\\Program.fs", "_type": "ListingDescription"}, {"py/object": "Sto.Listing.Listing", "_text": "namespace MyStore.WebApi\n\nopen System\nopen System.Collections.Generic\nopen System.IO\nopen System.Linq\nopen System.Threading.Tasks\nopen Microsoft.AspNetCore\nopen Microsoft.AspNetCore.Hosting\nopen Microsoft.Extensions.Configuration\nopen Microsoft.Extensions.Hosting\nopen Microsoft.Extensions.Logging\n\nmodule Program =\n    let exitCode = 0\n\n    let CreateHostBuilder args =\n        Host.CreateDefaultBuilder(args)\n            .ConfigureWebHostDefaults(fun webBuilder ->\n                webBuilder.UseStartup<Startup>() |> ignore\n            )\n\n    [<EntryPoint>]\n    let main args =\n        CreateHostBuilder(args).Build().Run()\n\n        exitCode\n", "_type": "Listing"}, {"py/object": "Sto.Paragraph.Paragraph", "_text": "", "_type": "Paragraph"}, {"py/object": "Sto.Paragraph.Paragraph", "_text": "", "_type": "Paragraph"}, {"py/object": "Sto.Listing.ListingDescription", "_text": "MyStore.WebApi\\Repository.fs", "_type": "ListingDescription"}, {"py/object": "Sto.Listing.Listing", "_text": "namespace MyStore.WebApi.Repository\n\nopen System.Linq\nopen Microsoft.EntityFrameworkCore\nopen MyStore.Data\nopen MyStore.Data.Entity\n\nmodule Customers =\n    let exists (context: Context) id =\n        query {\n            for i in context.Customers do\n                exists (i.CustomerId = id)\n        }\n\n    let exactlyOne (context: Context) id =\n        query {\n            for i in context.Customers do\n                where (i.CustomerId = id)\n                exactlyOne\n        }\n\n    let skipTake (context: Context) (nskip, ntake) =\n        query {\n            for i in context.Customers do\n                sortBy i.CustomerId\n                select i\n                skip nskip\n                take ntake\n        }\n\n\nmodule Carts =\n    let exists (context: Context) id =\n        query {\n            for i in context.Carts do\n                exists (i.CartId = id)\n        }\n\n    let exactlyOne (context: Context) id =\n        query {\n            for i in context.Carts do\n                where (i.CartId = id)\n                exactlyOne\n        }\n\n    let exactlyOneIncludeProducts (context: Context) id =\n        query {\n            for i in context.Carts.Include(fun j -> j.Products) do\n                where (i.CartId = id)\n                exactlyOne\n        }\n\n    let skipTake (context: Context) (nskip, ntake) =\n        query {\n            for i in context.Carts do\n                sortBy i.CartId\n                select i\n                skip nskip\n                take ntake\n        }\n\n\nmodule Products =\n    let exists (context: Context) id =\n        query {\n            for i in context.Products do\n                exists (i.ProductId = id)\n        }\n\n    let exactlyOne (context: Context) id =\n        query {\n            for i in context.Products do\n                where (i.ProductId = id)\n                exactlyOne\n        }\n\n    let skipTake (context: Context) (nskip, ntake) =\n        query {\n            for i in context.Products do\n                sortBy i.ProductId\n                select i\n                skip nskip\n                take ntake\n        }\n\nmodule Orders =\n    let exists (context: Context) id =\n        query {\n            for i in context.Orders do\n                exists (i.OrderId = id)\n        }\n\n    let exactlyOne (context: Context) id =\n        query {\n            for i in context.Orders do\n                where (i.OrderId = id)\n                exactlyOne\n        }\n\n    let exactlyOneIncludeOrderedProducts (context: Context) id =\n        query {\n            for i in context.Orders.Include(fun i -> i.OrderedProducts) do\n                where (i.OrderId = id)\n                exactlyOne\n        }\n\n    let skipTake (context: Context) (nskip, ntake) =\n        query {\n            for i in context.Orders do\n                sortBy i.OrderId\n                select i\n                skip nskip\n                take ntake\n        }\n\n\nmodule OrderedProducts =\n    let exists (context: Context) orderId productId =\n        query {\n            for i in context.OrderedProducts do\n                exists (i.ProductId = productId && i.OrderId = orderId)\n        }\n\n    let exactlyOne (context: Context) orderId productId =\n        query {\n            for i in context.OrderedProducts do\n                where (i.ProductId = productId && i.OrderId = orderId)\n                exactlyOne\n        }\n", "_type": "Listing"}, {"py/object": "Sto.Paragraph.Paragraph", "_text": "", "_type": "Paragraph"}, {"py/object": "Sto.Paragraph.Paragraph", "_text": "", "_type": "Paragraph"}, {"py/object": "Sto.Listing.ListingDescription", "_text": "MyStore.WebApi\\Startup.fs", "_type": "ListingDescription"}, {"py/object": "Sto.Listing.Listing", "_text": "namespace MyStore.WebApi\n\nopen Microsoft.AspNetCore.Builder\nopen Microsoft.AspNetCore.Hosting\nopen Microsoft.Extensions.Configuration\nopen Microsoft.Extensions.DependencyInjection\nopen Microsoft.Extensions.Hosting\nopen Microsoft.OpenApi.Models\nopen MyStore.Data\n\ntype Startup(configuration: IConfiguration) =\n    member this.Configuration = configuration\n\n    // This method gets called by the runtime. Use this method to add services to the container.\n    member this.ConfigureServices(services: IServiceCollection) =\n        // Add framework services.\n        services.AddControllers() |> ignore\n\n        services.AddSwaggerGen(fun c -> c.SwaggerDoc(\"v1\", OpenApiInfo(Title = \"MyStore.WebApi\", Version = \"v1\")))\n        |> ignore\n\n        services.AddDbContext<Context>() |> ignore\n\n        services.AddCors() |> ignore\n\n    // This method gets called by the runtime. Use this method to configure the HTTP request pipeline.\n    member this.Configure(app: IApplicationBuilder, env: IWebHostEnvironment) =\n        if (env.IsDevelopment()) then\n            app.UseDeveloperExceptionPage() |> ignore\n            app.UseSwagger() |> ignore\n\n            app.UseSwaggerUI(fun c -> c.SwaggerEndpoint(\"/swagger/v1/swagger.json\", \"MyStore.WebApi v1\"))\n            |> ignore\n\n        app\n            .UseHttpsRedirection()\n            .UseRouting()\n            //.UseAuthorization()\n            .UseCors(fun builder ->\n                builder.AllowAnyOrigin() |> ignore\n                builder.AllowAnyHeader() |> ignore\n                builder.AllowAnyMethod() |> ignore)\n            .UseEndpoints(fun endpoints -> endpoints.MapControllers() |> ignore)\n        |> ignore\n", "_type": "Listing"}, {"py/object": "Sto.Paragraph.Paragraph", "_text": "", "_type": "Paragraph"}, {"py/object": "Sto.Paragraph.Paragraph", "_text": "", "_type": "Paragraph"}, {"py/object": "Sto.Listing.ListingDescription", "_text": "MyStore.WebApi\\Utils.fs", "_type": "ListingDescription"}, {"py/object": "Sto.Listing.Listing", "_text": "module MyStore.WebApi.Utils\n\nopen System\nopen Microsoft.AspNetCore.Mvc\n\nlet nullableLimitStartToSkipTake (start: Nullable<int>, limit: Nullable<int>) =\n    let nskip =\n        match Option.ofNullable (start) with\n        | Some (x) -> x\n        | None -> 0\n\n    let ntake =\n        match Option.ofNullable (limit) with\n        | Some (x) -> x\n        | None -> Int32.MaxValue\n\n    (nskip, ntake)\n\nmodule ActionResult =\n    let ofAsync (res: Async<IActionResult>) = res |> Async.StartAsTask\n\n    let ofAsyncT (res: Async<ActionResult<'T>>) = res |> Async.StartAsTask\n\n    let ofAsyncTA (n: ActionResult -> ActionResult<'T>) (res: Async<IActionResult>) =\n        async {\n            let! t = res\n            return downcast t |> n\n        }\n        |> Async.StartAsTask\n", "_type": "Listing"}, {"py/object": "Sto.Paragraph.Paragraph", "_text": "", "_type": "Paragraph"}, {"py/object": "Sto.Paragraph.Paragraph", "_text": "", "_type": "Paragraph"}, {"py/object": "Sto.Listing.ListingDescription", "_text": "MyStore.Fable\\src\\App.fs", "_type": "ListingDescription"}, {"py/object": "Sto.Listing.Listing", "_text": "module App\n\nopen Fable.React\nopen Feliz\nopen Feliz.Router\nopen Feliz.UseElmish\nopen Customers\n\ntype State = { CurrentUrl: string list }\ntype Msg = UrlChanged of string list\n\nlet init () =\n    { CurrentUrl = Router.currentUrl () }, Elmish.Cmd.none\n\nlet update (UrlChanged segments) state =\n    { state with CurrentUrl = segments }, Elmish.Cmd.none\n\nlet router =\n    FunctionComponent.Of(fun () ->\n        let state, dispatch = React.useElmish (init, update, [||])\n\n        React.router [ router.onUrlChanged (UrlChanged >> dispatch)\n\n                       router.children [ match state.CurrentUrl with\n                                         | [] -> Html.h1 \"Home\"\n                                         | [ \"users\" ] -> Html.p \"123\"\n                                         | [ \"users\"; Route.Int userId ] -> Html.h1 (sprintf \"User ID %d\" userId)\n                                         | [ \"customers\" ] -> CustomersPage()\n                                         | _ -> Html.h1 \"Not found\" ] ])\n\n[<ReactComponent>]\nlet HelloWorld () = React.fragment [ router () ]\n", "_type": "Listing"}, {"py/object": "Sto.Paragraph.Paragraph", "_text": "", "_type": "Paragraph"}, {"py/object": "Sto.Paragraph.Paragraph", "_text": "", "_type": "Paragraph"}, {"py/object": "Sto.Listing.ListingDescription", "_text": "MyStore.Fable\\src\\Extensions.fs", "_type": "ListingDescription"}, {"py/object": "Sto.Listing.Listing", "_text": "[<AutoOpen>]\nmodule Extensions\n\nopen System\nopen Fable.Core\nopen Fable.Core.JsInterop\n\n[<RequireQualifiedAccess>]\nmodule StaticFile =\n\n    /// Function that imports a static file by it's relative path.\n    let inline import (path: string) : string = importDefault<string> path\n\n[<RequireQualifiedAccess>]\nmodule Config =\n    /// Returns the value of a configured variable using its key.\n    /// Retursn empty string when the value does not exist\n    [<Emit(\"process.env[$0] ? process.env[$0] : ''\")>]\n    let variable (key: string) : string = jsNative\n\n    /// Tries to find the value of the configured variable if it is defined or returns a given default value otherwise.\n    let variableOrDefault (key: string) (defaultValue: string) =\n        let foundValue = variable key\n        if String.IsNullOrWhiteSpace foundValue\n        then defaultValue\n        else foundValue\n\n// Stylesheet API\n// let private stylehsheet = Stylesheet.load \"./fancy.css\"\n// stylesheet.[\"fancy-class\"] which returns a string\nmodule Stylesheet =\n\n    type IStylesheet =\n        [<Emit \"$0[$1]\">]\n        abstract Item : className:string -> string\n\n    /// Loads a CSS module and makes the classes within available\n    let inline load (path: string) = importDefault<IStylesheet> path", "_type": "Listing"}, {"py/object": "Sto.Paragraph.Paragraph", "_text": "", "_type": "Paragraph"}, {"py/object": "Sto.Paragraph.Paragraph", "_text": "", "_type": "Paragraph"}, {"py/object": "Sto.Listing.ListingDescription", "_text": "MyStore.Fable\\src\\Global.fs", "_type": "ListingDescription"}, {"py/object": "Sto.Listing.Listing", "_text": "[<AutoOpen>]\nmodule Global\n\nlet baseUrl = \"http://localhost:5000\"\n", "_type": "Listing"}, {"py/object": "Sto.Paragraph.Paragraph", "_text": "", "_type": "Paragraph"}, {"py/object": "Sto.Paragraph.Paragraph", "_text": "", "_type": "Paragraph"}, {"py/object": "Sto.Listing.ListingDescription", "_text": "MyStore.Fable\\src\\Main.fs", "_type": "ListingDescription"}, {"py/object": "Sto.Listing.Listing", "_text": "module Main\n\nopen Feliz\nopen Browser.Dom\nopen Fable.Core.JsInterop\n\nimportAll \"./styles/global.scss\"\n\nReactDOM.render (App.HelloWorld(), document.getElementById \"feliz-app\")\n", "_type": "Listing"}, {"py/object": "Sto.Paragraph.Paragraph", "_text": "", "_type": "Paragraph"}, {"py/object": "Sto.Paragraph.Paragraph", "_text": "", "_type": "Paragraph"}, {"py/object": "Sto.Listing.ListingDescription", "_text": "MyStore.Fable\\src\\Models.fs", "_type": "ListingDescription"}, {"py/object": "Sto.Listing.Listing", "_text": "module Models\n\nopen System\n\ntype Customer =\n    { CustomerId: int\n      FirstName: string\n      LastName: string option\n      Honorific: string option\n      Email: string\n      CurrentCartId: int option }\n\ntype Cart =\n    { CartId: int\n      IsPublic: bool\n      OwnerCustomerId: int option }\n\ntype Order =\n    { OrderId: int\n      CustomerId: int\n      CreateTimeOffset: DateTimeOffset }\n\ntype Product =\n    { ProductId: int\n      Name: string\n      Description: string\n      Price: decimal }\n\ntype OrderedProduct =\n    { ProductId: int\n      OrderId: int\n      OrderedPrice: decimal }\n", "_type": "Listing"}, {"py/object": "Sto.Paragraph.Paragraph", "_text": "", "_type": "Paragraph"}, {"py/object": "Sto.Paragraph.Paragraph", "_text": "", "_type": "Paragraph"}, {"py/object": "Sto.Listing.ListingDescription", "_text": "MyStore.Fable\\src\\Customers.fs", "_type": "ListingDescription"}, {"py/object": "Sto.Listing.Listing", "_text": "module Customers\n\nopen System\nopen Feliz\nopen Feliz.UseListener\nopen Thoth\nopen Thoth.Fetch\nopen Thoth.Json\nopen Models\n\nlet getCustomerById (id: int) =\n    promise {\n        let url = $\"{baseUrl}/Customers/{id}\"\n\n        return! Fetch.tryGet<_, Customer> (url, caseStrategy = CamelCase)\n    }\n\nlet putCustomerById (id: int) customer =\n    promise {\n        let url = $\"{baseUrl}/Customers/{id}\"\n\n        return! Fetch.tryPut<Customer, unit> (url, data = customer, caseStrategy = CamelCase)\n    }\n\nlet postCustomerById customer password =\n    promise {\n        let url =\n            $\"{baseUrl}/Customers?password={password}\"\n\n        return! Fetch.tryPost<Customer, Customer> (url, data = customer, caseStrategy = CamelCase)\n    }\n\nlet deleteCustomerById (id: int) =\n    promise {\n        let url = $\"{baseUrl}/Customers/{id}\"\n\n        return! Fetch.tryDelete<_, unit> (url, caseStrategy = CamelCase)\n    }\n\nlet getSkipTake start limit =\n    promise {\n        let url =\n            $\"{baseUrl}/Customers?start={start}&limit={limit}\"\n\n        return! Fetch.tryGet<_, Customer list> (url, caseStrategy = CamelCase)\n    }\n\nlet CustomerForm =\n    React.functionComponent<{| Customer: Customer |}> (fun props ->\n        let customer, setCustomer = React.useState (props.Customer)\n        let error, setError = React.useState<FetchError option> (None)\n        let status, setStatus = React.useState (\"\u041d\u0435 \u0431\u044b\u043b\u043e \u0437\u0430\u043f\u0440\u043e\u0441\u0430\")\n        let password, setPassword = React.useState (\"\")\n\n        (React.useEffect (fun () ->\n            match error with\n            | Some x -> setStatus (x.ToString())\n            | None -> ()),\n         [| error |])\n        |> ignore\n\n        React.fragment [ Html.button [ prop.text \"Get\"\n                                       prop.onClick (fun _ ->\n                                           (getCustomerById customer.CustomerId)\n                                               .``then``(fun result ->\n                                                   match result with\n                                                   | Ok (value) ->\n                                                       setError (None)\n                                                       setCustomer (value)\n                                                       setStatus (\"\u0412\u044b\u043f\u043e\u043b\u043d\u0435\u043d get\")\n                                                   | Error (error) -> setError (Some error))\n                                           |> ignore) ]\n                         Html.button [ prop.text \"Put\"\n                                       prop.onClick (fun _ ->\n                                           (putCustomerById customer.CustomerId customer)\n                                               .``then``(fun result ->\n                                                   match result with\n                                                   | Ok (value) ->\n                                                       setError (None)\n                                                       setStatus (\"\u0412\u044b\u043f\u043e\u043b\u043d\u0435\u043d put\")\n                                                   | Error (error) -> setError (Some error))\n                                           |> ignore) ]\n                         Html.button [ prop.text \"Post\"\n                                       prop.onClick (fun _ ->\n                                           (postCustomerById customer password)\n                                               .``then``(fun result ->\n                                                   match result with\n                                                   | Ok (value) ->\n                                                       setError (None)\n                                                       setCustomer (value)\n                                                       setStatus (\"\u0412\u044b\u043f\u043e\u043b\u043d\u0435\u043d post\")\n                                                   | Error (error) -> setError (Some error))\n                                           |> ignore) ]\n                         Html.button [ prop.text \"Delete\"\n                                       prop.onClick (fun _ ->\n                                           (deleteCustomerById customer.CustomerId)\n                                               .``then``(fun result ->\n                                                   match result with\n                                                   | Ok (value) ->\n                                                       setError (None)\n                                                       setStatus (\"\u0412\u044b\u043f\u043e\u043b\u043d\u0435\u043d delete\")\n                                                   | Error (error) -> setError (Some error))\n                                           |> ignore) ]\n                         Html.label [ prop.text status ]\n                         Html.br []\n                         Html.label [ prop.text \"Id\" ]\n                         Html.input [ prop.value customer.CustomerId\n                                      prop.onChange (fun (s: string) ->\n                                          setCustomer\n                                              ({ customer with\n                                                     CustomerId = Int32.Parse(s) })) ]\n                         Html.br []\n                         Html.label [ prop.text \"\u0418\u043c\u044f\" ]\n                         Html.input [ prop.value customer.FirstName\n                                      prop.onChange (fun (s: string) -> setCustomer ({ customer with FirstName = s })) ]\n                         Html.br []\n                         Html.label [ prop.text \"\u0424\u0430\u043c\u0438\u043b\u0438\u044f\" ]\n                         Html.input [ prop.value\n                                          (match customer.LastName with\n                                           | Some (x) -> x\n                                           | None -> \"\")\n                                      prop.onChange (fun (s: string) ->\n                                          setCustomer ({ customer with LastName = Some s })) ]\n                         Html.br []\n                         Html.label [ prop.text \"\u041e\u0431\u0440\u0430\u0449\u0435\u043d\u0438\u0435\" ]\n                         Html.input [ prop.value\n                                          (match customer.Honorific with\n                                           | Some (x) -> x\n                                           | None -> \"\")\n                                      prop.onChange (fun (s: string) ->\n                                          setCustomer ({ customer with Honorific = Some s })) ]\n                         Html.br []\n                         Html.label [ prop.text \"E-mail\" ]\n                         Html.input [ prop.value customer.Email\n                                      prop.onChange (fun (s: string) -> setCustomer ({ customer with Email = s })) ]\n                         Html.br []\n                         Html.label [ prop.text \"\u041d\u043e\u043c\u0435\u0440 \u043a\u043e\u0440\u0437\u0438\u043d\u044b\" ]\n                         Html.input [ prop.value\n                                          (match customer.CurrentCartId with\n                                           | Some (x) -> x.ToString()\n                                           | None -> \"\")\n                                      prop.onChange (fun (s: string) ->\n                                          setCustomer\n                                              ({ customer with\n                                                     CurrentCartId =\n                                                         match s with\n                                                         | \"\" -> None\n                                                         | x -> Int32.Parse(x) |> Some })) ]\n                         Html.br []\n                         Html.label [ prop.text \"\u041f\u0430\u0440\u043e\u043b\u044c\" ]\n                         Html.input [ prop.value password\n                                      prop.type' \"password\"\n                                      prop.onChange (fun (s: string) -> setPassword (s)) ]\n                         Html.br [] ])\n\nlet Customers =\n    React.functionComponent<{| Customers: Customer list |}> (fun props ->\n        React.fragment [ Html.table [ yield Html.th [ Html.p \"Id\" ]\n                                      yield Html.th [ Html.p \"\u0418\u043c\u044f\" ]\n                                      yield Html.th [ Html.p \"\u0424\u0430\u043c\u0438\u043b\u0438\u044f\" ]\n                                      yield Html.th [ Html.p \"\u041e\u0431\u0440\u0430\u0449\u0435\u043d\u0438\u0435\" ]\n                                      yield Html.th [ Html.p \"E-mail\" ]\n                                      yield Html.th [ Html.p \"\u041d\u043e\u043c\u0435\u0440 \u043a\u043e\u0440\u0437\u0438\u043d\u044b\" ]\n                                      for c in props.Customers do\n                                          yield\n                                              Html.tr [ Html.td [ Html.p c.CustomerId ]\n                                                        Html.td [ Html.p c.FirstName ]\n                                                        Html.td [ Html.p\n                                                                      (match c.LastName with\n                                                                       | Some (x) -> x\n                                                                       | None -> \"\") ]\n                                                        Html.td [ Html.p\n                                                                      (match c.Honorific with\n                                                                       | Some (x) -> x\n                                                                       | None -> \"\") ]\n                                                        Html.td [ Html.p c.Email ]\n                                                        Html.td [ Html.p\n                                                                      (match c.CurrentCartId with\n                                                                       | Some (x) -> x.ToString()\n                                                                       | None -> \"\") ] ] ] ])\n\nlet CustomersPage =\n    React.functionComponent (fun () ->\n        let id, setId = React.useState (2)\n\n        let customers, setCustomers =\n            React.useState<Customer list>\n                ([ { CustomerId = 021\n                     FirstName = \"state1.ToString()\"\n                     LastName = Some \"123\"\n                     Honorific = Some \"123\"\n                     Email = \"\"\n                     CurrentCartId = Some 12 } ])\n\n        let error, setError = React.useState<FetchError option> (None)\n\n        React.fragment [ Html.button [ prop.text \"\u041f\u043e\u043a\u0430\u0437\u0430\u0442\u044c\"\n                                       prop.onClick (fun _ ->\n                                           (getSkipTake id 10)\n                                               .``then``(fun result ->\n                                                   match result with\n                                                   | Ok (value) -> setCustomers (value)\n                                                   | Error (error) -> setError (Some error))\n                                           |> ignore) ]\n                         Html.input [ prop.onChange (fun (e: string) -> setId (Int32.Parse(e))) ]\n                         Customers {| Customers = customers |}\n                         CustomerForm\n                             {| Customer =\n                                    match customers |> List.tryHead with\n                                    | Some x -> x\n                                    | None ->\n                                        { CustomerId = 021\n                                          FirstName = \"state1.ToString()\"\n                                          LastName = Some \"123\"\n                                          Honorific = Some \"123\"\n                                          Email = \"\"\n                                          CurrentCartId = Some 12 } |} ])\n", "_type": "Listing"}, {"py/object": "Sto.Paragraph.Paragraph", "_text": "", "_type": "Paragraph"}], "_level": 1}], "_resources_list": {"py/object": "Sto.ResourcesList.ResourcesList", "_text": "\u0421\u043f\u0438\u0441\u043e\u043a \u0438\u0441\u043f\u043e\u043b\u044c\u0437\u043e\u0432\u0430\u043d\u043d\u044b\u0445 \u0438\u0441\u0442\u043e\u0447\u043d\u0438\u043a\u043e\u0432", "_type": "ResourcesList", "_paragraphs": [], "_level": -1}, "_attachments": []}