{"py/object": "Sto.StoDocument.StoDocument", "_title_page": {"py/object": "Sto.Title.TitlePage", "_paragraphs": [{"py/object": "Sto.Title.ForHelpTitlePageCenter", "_text": "\u0424\u0435\u0434\u0435\u0440\u0430\u043b\u044c\u043d\u043e\u0435 \u0433\u043e\u0441\u0443\u0434\u0430\u0440\u0441\u0442\u0432\u0435\u043d\u043d\u043e\u0435 \u0430\u0432\u0442\u043e\u043d\u043e\u043c\u043d\u043e\u0435", "_type": "TypeForHelpTitlePageCenter"}, {"py/object": "Sto.Title.ForHelpTitlePageCenter", "_text": "\u043e\u0431\u0440\u0430\u0437\u043e\u0432\u0430\u0442\u0435\u043b\u044c\u043d\u043e\u0435 \u0443\u0447\u0440\u0435\u0436\u0434\u0435\u043d\u0438\u0435", "_type": "TypeForHelpTitlePageCenter"}, {"py/object": "Sto.Title.ForHelpTitlePageCenter", "_text": "\u0432\u044b\u0441\u0448\u0435\u0433\u043e \u043e\u0431\u0440\u0430\u0437\u043e\u0432\u0430\u043d\u0438\u044f", "_type": "TypeForHelpTitlePageCenter"}, {"py/object": "Sto.Title.ForHelpTitlePageCenter", "_text": "\u00ab\u0421\u0418\u0411\u0418\u0420\u0421\u041a\u0418\u0419 \u0424\u0415\u0414\u0415\u0420\u0410\u041b\u042c\u041d\u042b\u0419 \u0423\u041d\u0418\u0412\u0415\u0420\u0421\u0418\u0422\u0415\u0422\u00bb", "_type": "TypeForHelpTitlePageCenter"}, {"py/object": "Sto.Title.ForHelpTitlePageCenter", "_text": "", "_type": "TypeForHelpTitlePageCenter"}, {"py/object": "Sto.Title.DepartmentAndSubject", "_text": "\u0418\u043d\u0441\u0442\u0438\u0442\u0443\u0442 \u041a\u043e\u0441\u043c\u0438\u0447\u0435\u0441\u043a\u0438\u0445 \u0438 \u0438\u043d\u0444\u043e\u0440\u043c\u0430\u0446\u0438\u043e\u043d\u043d\u044b\u0445 \u0442\u0435\u0445\u043d\u043e\u043b\u043e\u0433\u0438\u0439", "_type": "DepartmentAndSubject"}, {"py/object": "Sto.Title.Subscript", "_text": "\u0438\u043d\u0441\u0442\u0438\u0442\u0443\u0442", "_type": "Subscript"}, {"py/object": "Sto.Title.DepartmentAndSubject", "_text": "\u041a\u0430\u0444\u0435\u0434\u0440\u0430 \u00ab\u0418\u043d\u0444\u043e\u0440\u043c\u0430\u0442\u0438\u043a\u0430\u00bb", "_type": "DepartmentAndSubject"}, {"py/object": "Sto.Title.Subscript", "_text": "\u043a\u0430\u0444\u0435\u0434\u0440\u0430", "_type": "Subscript"}, {"py/object": "Sto.Title.ForHelpTitlePageCenter", "_text": "", "_type": "TypeForHelpTitlePageCenter"}, {"py/object": "Sto.Title.ForHelpTitlePageCenter", "_text": "", "_type": "TypeForHelpTitlePageCenter"}, {"py/object": "Sto.Title.ForHelpTitlePageCenter", "_text": "", "_type": "TypeForHelpTitlePageCenter"}, {"py/object": "Sto.Title.ForHelpTitlePageCenter", "_text": "", "_type": "TypeForHelpTitlePageCenter"}, {"py/object": "Sto.Title.ForHelpTitlePageCenter", "_text": "", "_type": "TypeForHelpTitlePageCenter"}, {"py/object": "Sto.Title.ForHelpTitlePageCenter", "_text": "", "_type": "TypeForHelpTitlePageCenter"}, {"py/object": "Sto.Title.ForHelpTitlePageCenter", "_text": "", "_type": "TypeForHelpTitlePageCenter"}, {"py/object": "Sto.Title.ForHelpTitlePageCenter", "_text": "", "_type": "TypeForHelpTitlePageCenter"}, {"py/object": "Sto.Title.ForHelpTitlePageCenter", "_text": "", "_type": "TypeForHelpTitlePageCenter"}, {"py/object": "Sto.Title.ForHelpTitlePageCenter", "_text": "", "_type": "TypeForHelpTitlePageCenter"}, {"py/object": "Sto.Title.JobTitle", "_text": "\u041e\u0422\u0427\u0415\u0422 \u041f\u041e \u041f\u0420\u0410\u041a\u0422\u0418\u0427\u0415\u0421\u041a\u041e\u0419 \u0420\u0410\u0411\u041e\u0422\u0415 \u21164", "_type": "JobTitle"}, {"py/object": "Sto.Title.ForHelpTitlePageCenter", "_text": "", "_type": "TypeForHelpTitlePageCenter"}, {"py/object": "Sto.Title.DepartmentAndSubject", "_text": "\u041d\u0430\u0441\u0442\u0440\u043e\u0439\u043a\u0430 Hibernate", "_type": "DepartmentAndSubject"}, {"py/object": "Sto.Title.Subscript", "_text": "\u0442\u0435\u043c\u0430", "_type": "Subscript"}, {"py/object": "Sto.Title.ForHelpTitlePageCenter", "_text": "", "_type": "TypeForHelpTitlePageCenter"}, {"py/object": "Sto.Title.ForHelpTitlePageCenter", "_text": "", "_type": "TypeForHelpTitlePageCenter"}, {"py/object": "Sto.Title.ForHelpTitlePageCenter", "_text": "", "_type": "TypeForHelpTitlePageCenter"}, {"py/object": "Sto.Title.ForHelpTitlePageCenter", "_text": "", "_type": "TypeForHelpTitlePageCenter"}, {"py/object": "Sto.Title.ForHelpTitlePageCenter", "_text": "", "_type": "TypeForHelpTitlePageCenter"}, {"py/object": "Sto.Title.ForHelpTitlePageCenter", "_text": "", "_type": "TypeForHelpTitlePageCenter"}, {"py/object": "Sto.Title.ForHelpTitlePageCenter", "_text": "", "_type": "TypeForHelpTitlePageCenter"}, {"py/object": "Sto.Title.ForHelpTitlePageCenter", "_text": "", "_type": "TypeForHelpTitlePageCenter"}, {"py/object": "Sto.Title.TeacherAndStudent", "_text": "\u0442\u0430\u0431\u043b\u0438\u0446\u0430", "_type": "TeacherAndStudent", "_table": ["\u041f\u0440\u0435\u043f\u043e\u0434\u0430\u0432\u0430\u0442\u0435\u043b\u044c", " ", "\u0410.\u041a. \u041f\u043e\u0433\u0440\u0435\u0431\u043d\u0438\u043a\u043e\u0432", " ", "\u043f\u043e\u0434\u043f\u0438\u0441\u044c, \u0434\u0430\u0442\u0430", "\u0438\u043d\u0438\u0446\u0438\u0430\u043b\u044b, \u0444\u0430\u043c\u0438\u043b\u0438\u044f", "\u0421\u0442\u0443\u0434\u0435\u043d\u0442 \u041a\u041818-16\u0431  031831229", " ", "\u0412.\u0410. \u041f\u0440\u0435\u043a\u0435\u043b\u044c", "\u043d\u043e\u043c\u0435\u0440 \u0433\u0440\u0443\u043f\u043f\u044b, \u0437\u0430\u0447\u0435\u0442\u043d\u043e\u0439 \u043a\u043d\u0438\u0436\u043a\u0438", "\u043f\u043e\u0434\u043f\u0438\u0441\u044c, \u0434\u0430\u0442\u0430", "\u0438\u043d\u0438\u0446\u0438\u0430\u043b\u044b, \u0444\u0430\u043c\u0438\u043b\u0438\u044f"]}, {"py/object": "Sto.Title.ForHelpTitlePageCenter", "_text": "", "_type": "TypeForHelpTitlePageCenter"}, {"py/object": "Sto.Title.ForHelpTitlePageCenter", "_text": "", "_type": "TypeForHelpTitlePageCenter"}, {"py/object": "Sto.Title.ForHelpTitlePageCenter", "_text": "", "_type": "TypeForHelpTitlePageCenter"}, {"py/object": "Sto.Title.ForHelpTitlePageCenter", "_text": "", "_type": "TypeForHelpTitlePageCenter"}, {"py/object": "Sto.Title.ForHelpTitlePageCenter", "_text": "", "_type": "TypeForHelpTitlePageCenter"}, {"py/object": "Sto.Title.ForHelpTitlePageCenter", "_text": "", "_type": "TypeForHelpTitlePageCenter"}, {"py/object": "Sto.Title.ForHelpTitlePageCenter", "_text": "", "_type": "TypeForHelpTitlePageCenter"}, {"py/object": "Sto.Title.ForHelpTitlePageCenter", "_text": "", "_type": "TypeForHelpTitlePageCenter"}, {"py/object": "Sto.Title.ForHelpTitlePageCenter", "_text": "", "_type": "TypeForHelpTitlePageCenter"}, {"py/object": "Sto.Title.ForHelpTitlePageCenter", "_text": "", "_type": "TypeForHelpTitlePageCenter"}, {"py/object": "Sto.Title.ForHelpTitlePageCenter", "_text": "\u041a\u0440\u0430\u0441\u043d\u043e\u044f\u0440\u0441\u043a 2020", "_type": "TypeForHelpTitlePageCenter"}]}, "_headings": [{"py/object": "Sto.Heading.Heading", "_text": "\u0426\u0435\u043b\u044c \u0440\u0430\u0431\u043e\u0442\u044b", "_type": "Heading", "_paragraphs": [{"py/object": "Sto.Paragraph.Paragraph", "_text": "\u041d\u0430\u0441\u0442\u0440\u043e\u0438\u0442\u044c \u043f\u0440\u043e\u0433\u0440\u0430\u043c\u043c\u043d\u043e\u0435 \u043f\u043e\u0434\u043a\u043b\u044e\u0447\u0435\u043d\u0438\u0435 \u043a \u0411\u0414.", "_type": "Paragraph"}], "_level": 1}, {"py/object": "Sto.Heading.Heading", "_text": "\u041e\u0431\u0449\u0430\u044f \u043f\u043e\u0441\u0442\u0430\u043d\u043e\u0432\u043a\u0430 \u0437\u0430\u0434\u0430\u0447\u0438", "_type": "Heading", "_paragraphs": [{"py/object": "Sto.Paragraph.Paragraph", "_text": "\u041f\u043e\u0434\u043a\u043b\u044e\u0447\u0438\u0442\u044c\u0441\u044f \u043a \u0411\u0414, \u0441\u0434\u0435\u043b\u0430\u0442\u044c \u0437\u0430\u043f\u0440\u043e\u0441\u044b.", "_type": "Paragraph"}], "_level": 1}, {"py/object": "Sto.Heading.Heading", "_text": "\u0425\u043e\u0434 \u0440\u0430\u0431\u043e\u0442\u044b", "_type": "Heading", "_paragraphs": [{"py/object": "Sto.Paragraph.Paragraph", "_text": "\u0418\u0441\u043f\u043e\u043b\u044c\u0437\u0443\u0435\u0442\u0441\u044f ADO.NET.", "_type": "Paragraph"}, {"py/object": "Sto.Paragraph.Paragraph", "_text": "", "_type": "Paragraph"}, {"py/object": "Sto.Listing.ListingDescription", "_text": "MyStore/MyStore.AdoNet/Program.cs", "_type": "ListingDescription"}, {"py/object": "Sto.Listing.Listing", "_text": "using System;\nusing System.Collections.Generic;\nusing System.Text;\n\nusing Npgsql;\n\nusing NpgsqlTypes;\n\nusing MyStore.Data.Entity;\nusing MyStore.Data;\n\n\nConsole.OutputEncoding = Encoding.UTF8;\nvar conn = new NpgsqlConnection(\"Host=localhost;Database=postgres;Username=postgres;Password=qwerty123\");\nconn.Open();\n\nusing var cmd = new NpgsqlCommand(\"SELECT version();\", conn);\nstring ver = cmd.ExecuteScalar() as string ?? \"\";\nConsole.WriteLine(ver);\nConsole.WriteLine();\n\nstring GetCustomerFirstName(int id)\n{\n    using var command = new NpgsqlCommand(\"SELECT \\\"FirstName\\\" FROM \\\"Customers\\\" WHERE \\\"CustomerId\\\"=@id;\", conn);\n    command.Parameters.AddWithValue(\"id\", NpgsqlDbType.Integer, id);\n    return command.ExecuteScalar() as string ?? \"\";\n}\n\nConsole.WriteLine(\"\u0418\u043c\u044f \u043f\u043e\u043a\u0443\u043f\u0430\u0442\u0435\u043b\u044f \u0441 id=1\");\nConsole.WriteLine(GetCustomerFirstName(1));\nConsole.WriteLine();\n\nIEnumerable<string> GetCustomerFirstNames(int startId, int endId)\n{\n    using var command =\n        new NpgsqlCommand(\"SELECT \\\"FirstName\\\" FROM \\\"Customers\\\" WHERE \\\"CustomerId\\\" BETWEEN @startId AND @endId;\",\n            conn);\n    command.Parameters.AddWithValue(\"startId\", NpgsqlDbType.Integer, startId);\n    command.Parameters.AddWithValue(\"endId\", NpgsqlDbType.Integer, endId);\n    using var reader = command.ExecuteReader();\n    while (reader.Read())\n    {\n        yield return reader.GetString(0);\n    }\n}\n\nConsole.WriteLine(\"\u0418\u043c\u0435\u043d\u0430 \u043f\u043e\u043a\u0443\u043f\u0430\u0442\u0435\u043b\u0435\u0439 \u0441 id \u043e\u0442 1 \u043f\u043e 5\");\nforeach (var i in GetCustomerFirstNames(1, 5))\n{\n    Console.WriteLine(i);\n}\n\nConsole.WriteLine();\n\nint AddCustomer(Customer customer)\n{\n    using var command =\n        new NpgsqlCommand(\n            @\"INSERT INTO \"\"Customers\"\" VALUES \n            (DEFAULT, @firstName, @lastName, @honorific, @email, @passwordHash, @passwordSalt, NULL) \n            RETURNING \"\"CustomerId\"\"\", conn);\n    command.Parameters.AddWithValue(\"firstName\", NpgsqlDbType.Varchar, customer.FirstName);\n    command.Parameters.AddWithValue(\"lastName\", NpgsqlDbType.Varchar, customer.LastName);\n    command.Parameters.AddWithValue(\"honorific\", NpgsqlDbType.Varchar, customer.Honorific);\n    command.Parameters.AddWithValue(\"email\", NpgsqlDbType.Varchar, customer.Email);\n    command.Parameters.AddWithValue(\"passwordHash\", NpgsqlDbType.Bytea, customer.PasswordHash);\n    command.Parameters.AddWithValue(\"passwordSalt\", NpgsqlDbType.Integer, customer.PasswordSalt);\n    return (int) (command.ExecuteScalar() ?? 0);\n}\n\nvar salt = Crypto.GenerateSaltForPassword();\nvar newId = AddCustomer(new Customer\n{\n    FirstName = \"\u041c\u0430\u043a\u0441\u0438\u043c\",\n    LastName = \"\u0422\u0438\u043c\u043e\u0444\u0435\u0435\u0432\",\n    Honorific = \"\u0414\u0430\u044b\u043e.\",\n    Email = \"dawfdfwa@fsaf.ru\",\n    PasswordHash = Crypto.ComputePasswordHash(\"123456\", salt),\n    PasswordSalt = salt\n});\nConsole.WriteLine($\"\u0421\u043e\u0437\u0434\u0430\u043d \u043d\u043e\u0432\u044b\u0439 \u043f\u043e\u043a\u0443\u043f\u0430\u0442\u0435\u043b\u044c \u0441 id={newId} \u0438 \u0438\u043c\u0435\u043d\u0435\u043c {GetCustomerFirstName(newId)}\");\n\nconn.Close();\n", "_type": "Listing"}, {"py/object": "Sto.Paragraph.Paragraph", "_text": "", "_type": "Paragraph"}], "_level": 1}], "_resources_list": {"py/object": "Sto.ResourcesList.ResourcesList", "_text": "\u0421\u043f\u0438\u0441\u043e\u043a \u0438\u0441\u043f\u043e\u043b\u044c\u0437\u043e\u0432\u0430\u043d\u043d\u044b\u0445 \u0438\u0441\u0442\u043e\u0447\u043d\u0438\u043a\u043e\u0432", "_type": "ResourcesList", "_paragraphs": [], "_level": -1}, "_attachments": []}